"","x","y","cl"
"1",-0.192233889130875,-0.405403655488044,"0"
"2",-0.242327498970553,-0.0277481770608574,"1"
"3",0.0523224333301187,0.245295166969299,"0"
"4",-0.443616849603131,-0.215484052430838,"1"
"5",-0.031450716080144,0.0365728016477078,"0"
"6",-0.0162292649038136,0.266587720718235,"0"
"7",0.312402617651969,0.172949491767213,"1"
"8",-0.129679462872446,0.346425449009985,"0"
"9",0.0465585950296372,0.206808023154736,"0"
"10",-0.329737948952243,-0.426150362705812,"0"
"11",0.124996477039531,0.447467308724299,"0"
"12",0.382165518123657,-0.0830836095847189,"1"
"13",-0.21964616002515,0.406797832809389,"0"
"14",-0.101512098452076,-0.313417499884963,"0"
"15",0.26255108229816,-0.0389710091985762,"1"
"16",0.169021712383255,-0.237040307372808,"0"
"17",-0.295387838035822,0.149597317911685,"1"
"18",-0.142475146567449,-0.249660480534658,"0"
"19",-0.140524885151535,0.280842538690194,"0"
"20",0.190290528349578,0.427335711428896,"0"
"21",0.0358111539389938,0.157793316524476,"0"
"22",0.210803845431656,0.252835201565176,"0"
"23",0.0383486982900649,-0.0106836417689919,"1"
"24",0.24897222686559,-0.353711305418983,"0"
"25",-0.0798985494766384,0.410049457103014,"0"
"26",-0.328579787397757,0.0274670775979757,"1"
"27",0.270301609765738,0.271836713887751,"0"
"28",0.381953587755561,-0.445124176330864,"0"
"29",0.0490967102814466,-0.172442921437323,"0"
"30",-0.222276243381202,-0.0832158704288304,"1"
"31",-0.0116940059233457,-0.26938723702915,"0"
"32",0.428505074931309,-0.373180595692247,"1"
"33",-0.151308018248528,-0.302496818592772,"0"
"34",0.454157707514241,-0.0268897025380284,"1"
"35",0.195274139055982,-0.409889376722276,"0"
"36",0.389453538926318,0.0441550859250128,"1"
"37",-0.319592754822224,0.244820194784552,"1"
"38",0.129390850430354,0.0670394513290375,"1"
"39",0.489564136601985,-0.139212612994015,"1"
"40",-0.369711129926145,-0.215380087960511,"1"
"41",-0.169339474290609,0.0197163647972047,"1"
"42",0.365120546659455,0.349089799914509,"1"
"43",0.277584439376369,-0.361114707309753,"0"
"44",0.327303449623287,0.27730252337642,"1"
"45",0.103324356488883,0.0146191003732383,"1"
"46",-0.00876817805692554,-0.367805951042101,"0"
"47",0.280358511023223,-0.495649726362899,"0"
"48",0.384227027418092,-0.18270406499505,"1"
"49",-0.292286102194339,-0.484115806175396,"0"
"50",-0.192914103157818,-0.360912420554087,"0"
"51",-0.169470151886344,0.362689709523693,"0"
"52",-0.30132092977874,0.108211681246758,"1"
"53",-0.264305697986856,-0.453942234627903,"0"
"54",-0.225113339722157,0.0692874663509429,"1"
"55",0.0913210536818951,-0.193728002952412,"0"
"56",-0.246609346242622,0.341200964059681,"0"
"57",-0.37651276960969,-0.401474939193577,"0"
"58",-0.270094112958759,0.0886566867120564,"1"
"59",0.0975752922240645,-0.245489122346044,"0"
"60",-0.288591444026679,-0.368299494264647,"0"
"61",-0.0362988219130784,0.0442538519855589,"0"
"62",0.147101194132119,0.131808480946347,"1"
"63",0.460573092103004,0.45431182696484,"1"
"64",0.176398171577603,-0.16282975487411,"1"
"65",-0.0548519783187658,0.425341691123322,"0"
"66",-0.14222621708177,-0.405303819803521,"0"
"67",-0.0442685438320041,0.0823135548271239,"0"
"68",-0.0545860230922699,0.242853693664074,"0"
"69",-0.254907410824671,-0.203802770236507,"1"
"70",0.194350712001324,0.25855331751518,"0"
"71",-0.0877629648894072,0.0995582907926291,"0"
"72",-0.172274131327868,0.49055551411584,"0"
"73",0.0725647669751197,-0.333601719001308,"0"
"74",0.466999084455892,-0.206128497142345,"1"
"75",0.161779022077098,0.0207165309693664,"1"
"76",0.124697716906667,0.19061154872179,"0"
"77",0.356653042603284,0.398416971089318,"0"
"78",0.27477888809517,-0.170789150288329,"1"
"79",0.334027098724619,-0.179949969984591,"1"
"80",-0.408489721361548,-0.0261969333514571,"1"
"81",-0.0404745133128017,-0.203994930256158,"0"
"82",0.0993981559295207,0.143002405762672,"0"
"83",0.419721910730004,0.297160554910079,"1"
"84",0.482824077364057,0.325869921362028,"1"
"85",-0.462197420652956,0.138712386367843,"1"
"86",0.0779374008998275,0.337419800227508,"0"
"87",0.23331416817382,0.174379544332623,"1"
"88",-0.251257597235963,-0.223234346369281,"1"
"89",-0.199263475136831,0.310438508866355,"0"
"90",0.233466701582074,-0.201049169292673,"1"
"91",0.406954375561327,-0.04316127859056,"1"
"92",-0.290183231933042,-0.178711072774604,"1"
"93",-0.141862010816112,-0.492618087911978,"0"
"94",-0.0517008556053042,0.409716414986178,"0"
"95",0.406426433008164,0.268987016519532,"1"
"96",-0.110560704255477,-0.493938067462295,"0"
"97",0.0174597494769841,-0.429008038481697,"0"
"98",-0.374760912265629,0.300179962534457,"1"
"99",-0.46985425427556,0.146985628874972,"1"
"100",0.271805494558066,-0.0618719069752842,"1"
"101",-0.172584917861968,0.246835745638236,"0"
"102",-0.110521306749433,-0.0110206543467939,"1"
"103",-0.458947245497257,-0.0219564593862742,"1"
"104",-0.138603365514427,0.326841164147481,"0"
"105",0.0709780838806182,0.0673457409720868,"1"
"106",0.184880241984501,0.478937840322033,"0"
"107",0.471116747008637,0.384757184190676,"1"
"108",0.201958807418123,-0.0347996850032359,"1"
"109",-0.488454495323822,0.296619675122201,"1"
"110",0.0355321287643164,0.174475601408631,"0"
"111",0.336571462685242,0.403187802294269,"0"
"112",0.306866742437705,0.0429023890756071,"1"
"113",-0.419067356735468,-0.399881843477488,"1"
"114",-0.261090698186308,0.284346247557551,"0"
"115",0.46598986396566,-0.325260273413733,"1"
"116",-0.462327673565596,0.131585634546354,"1"
"117",0.416406432166696,0.14333133934997,"1"
"118",0.226226578466594,-0.343267285497859,"0"
"119",-0.299223785754293,-0.00411207252182066,"1"
"120",0.340200746431947,-0.135627360315993,"1"
"121",-0.103337652748451,-0.222476402763277,"0"
"122",-0.107297740643844,-0.124651412479579,"0"
"123",-0.0274431130383164,0.322573776589707,"0"
"124",0.0836569145321846,-0.302034775260836,"0"
"125",-0.147612831089646,-0.0374431661330163,"1"
"126",-0.47152598714456,0.233199940761551,"1"
"127",0.495087934657931,0.33619724586606,"1"
"128",0.457558459136635,0.436154180439189,"1"
"129",0.0516511762980372,-0.315587769029662,"0"
"130",-0.398046042537317,-0.256673147436231,"1"
"131",-0.262084851972759,0.0937904585152864,"1"
"132",0.360097664874047,-0.0422153510153294,"1"
"133",0.238261286402121,-0.260495728580281,"0"
"134",-0.00268773548305035,-0.246667297091335,"0"
"135",0.0799210851546377,-0.404053138336167,"0"
"136",-0.48381661484018,0.00662808166816831,"1"
"137",-0.0278701183851808,0.295988215366378,"0"
"138",-0.457610271172598,-0.443972988286987,"1"
"139",-0.0368455837015063,0.219765122281387,"0"
"140",0.129994767950848,0.231300484621897,"0"
"141",0.17324928776361,-0.412657980807126,"0"
"142",-0.412965329363942,0.434051531832665,"0"
"143",-0.35641620028764,0.125086516607553,"1"
"144",0.408478498924524,0.402079907245934,"1"
"145",-0.377467409940436,-0.103625315008685,"1"
"146",0.228862792486325,0.249527853215113,"0"
"147",0.450377176282927,-0.381795322522521,"1"
"148",-0.456644085003063,-0.332953581120819,"1"
"149",-0.480400701984763,0.0742687475867569,"1"
"150",-0.300927539588884,0.0926830822136253,"1"
"151",0.00508626154623926,0.193972470471635,"0"
"152",0.426388762891293,-0.297720660921186,"1"
"153",-0.361598308430985,0.0222015753388405,"1"
"154",-0.330805423902348,0.313396337907761,"1"
"155",0.106627377914265,0.416158199077472,"0"
"156",0.315876693464816,0.44638844486326,"0"
"157",0.343381207436323,0.313432247377932,"1"
"158",0.288077193545178,0.0495420976076275,"1"
"159",-0.480979134328663,-0.430202367482707,"1"
"160",0.198087496915832,-0.437680180883035,"0"
"161",0.315093115437776,0.477735519176349,"0"
"162",0.0684000609908253,0.0705713606439531,"0"
"163",-0.0199371171183884,0.317313494393602,"0"
"164",-0.338629882317036,0.102071854518726,"1"
"165",-0.410743768094108,0.235559979220852,"1"
"166",-0.337317625060678,0.298843007534742,"1"
"167",-0.473271549679339,0.399830600013956,"1"
"168",0.209629475604743,-0.226768129039556,"0"
"169",0.261018177028745,-0.418705597287044,"0"
"170",0.357474779477343,-0.471426690462977,"0"
"171",-0.0627341801300645,0.0310375713743269,"1"
"172",-0.0828635531943291,0.409991685533896,"0"
"173",0.0856494903564453,-0.457955921068788,"0"
"174",0.324967580847442,-0.0583288471680135,"1"
"175",0.29313922743313,0.279766544466838,"1"
"176",-0.173847429919988,-0.258082478074357,"0"
"177",0.457931943470612,0.0621311475988477,"1"
"178",0.153019609628245,0.0374447801150382,"1"
"179",-0.0413241807837039,-0.195807060226798,"0"
"180",0.106021883431822,-0.166702948743477,"0"
"181",-0.211278063245118,0.102511128177866,"1"
"182",0.217830843757838,0.472658256534487,"0"
"183",0.42339744255878,0.385251973289996,"1"
"184",0.174939486430958,-0.304869981715456,"0"
"185",-0.314060007687658,0.168353434419259,"1"
"186",-0.151932837208733,0.409629349363968,"0"
"187",-0.376480468781665,0.126953553641215,"1"
"188",-0.391883781179786,0.22509180335328,"1"
"189",-0.202046800171956,0.367031560279429,"0"
"190",0.338199900928885,0.105250908061862,"1"
"191",0.492771093966439,0.491519129835069,"1"
"192",-0.0628655906766653,0.365613345522434,"0"
"193",-0.297435429412872,0.269829958677292,"1"
"194",0.463871500687674,0.0352651248686016,"1"
"195",0.160387112060562,-0.316169762983918,"0"
"196",-0.201883170520887,0.390520569635555,"0"
"197",-0.380737814120948,0.275756790069863,"1"
"198",0.0997516012284905,-0.433157934108749,"0"
"199",-0.379809447098523,0.404437318677083,"0"
"200",0.288432016270235,0.337970049120486,"0"
"201",-0.130403929157183,0.172513191821054,"0"
"202",0.45632283622399,-0.470470446860418,"0"
"203",0.413576655788347,-0.302679040934891,"1"
"204",0.323336343513802,-0.361363200237975,"0"
"205",-0.180517844157293,-0.352668548934162,"0"
"206",0.377700325800106,0.429107272066176,"0"
"207",0.30035099806264,0.00159327522851527,"1"
"208",0.111356640933082,0.138075882103294,"0"
"209",-0.42757886252366,-0.422135618980974,"1"
"210",-0.0784122897312045,-0.107144955545664,"0"
"211",-0.155534398509189,0.189873585244641,"0"
"212",0.251735687023029,0.0850436489563435,"1"
"213",-0.281248680083081,0.332550941966474,"0"
"214",-0.207866027252749,-0.191169634228572,"1"
"215",-0.144046634668484,0.196630935650319,"0"
"216",0.131961923791096,0.215349178062752,"0"
"217",0.392531066667289,-0.366653390461579,"1"
"218",0.244032781105489,-0.175666006747633,"1"
"219",-0.0427775776479393,-0.115035336930305,"0"
"220",-0.463904556352645,0.245140524581075,"1"
"221",0.0685145184397697,0.472823950927705,"0"
"222",-0.0609841095283628,0.386159772984684,"0"
"223",0.100484454073012,-0.490880101220682,"0"
"224",0.45138276158832,0.162854066118598,"1"
"225",-0.230568688130006,-0.164741930551827,"1"
"226",0.158838391071185,0.0258707155007869,"1"
"227",-0.423528786515817,-0.0791865321807563,"1"
"228",-0.428714792476967,0.402885072398931,"1"
"229",-0.129668480018154,0.360213075065985,"0"
"230",-0.202897799666971,0.352773712715134,"0"
"231",0.0510782720521092,-0.219329308718443,"0"
"232",-0.130109411431476,0.293337701819837,"0"
"233",0.345689531881362,-0.0838447604328394,"1"
"234",0.120790702756494,-0.109661240596324,"1"
"235",-0.100859977770597,-0.159961368422955,"0"
"236",-0.20033847168088,-0.456716746790335,"0"
"237",-0.118880163412541,0.153749313903973,"0"
"238",0.201134936418384,0.0978686586022377,"1"
"239",0.446865290636197,-0.409417516319081,"1"
"240",0.272828320972621,0.216550993267447,"1"
"241",-0.280449838377535,0.489592344732955,"0"
"242",0.216110362438485,0.18189621437341,"1"
"243",0.164217964746058,-0.137014892417938,"1"
"244",0.206250201212242,0.390084095532075,"0"
"245",-0.220372006762773,-0.125933956354856,"1"
"246",0.212250495096669,0.285832418594509,"0"
"247",0.160942108370364,-0.166024415753782,"0"
"248",-0.458987311227247,0.108802983304486,"1"
"249",-0.4388585051056,-0.0908030709251761,"1"
"250",-0.220238307025284,-0.492490111617371,"0"
"251",-0.198032282991335,-0.0222964405547827,"1"
"252",0.456610830035061,-0.0955373991746455,"1"
"253",-0.110181281110272,-0.145070487167686,"0"
"254",-0.12821121327579,-0.275593880796805,"0"
"255",0.343142486177385,0.182356995996088,"1"
"256",0.347235000459477,-0.160850172396749,"1"
"257",-0.180668847402558,-0.0246009712573141,"1"
"258",-0.367493953555822,-0.420146957272664,"0"
"259",0.11710911989212,-0.483318560756743,"0"
"260",0.291304509388283,-0.0644670706242323,"1"
"261",-0.161951293703169,-0.341885444708169,"0"
"262",0.405447596916929,0.0814155912958086,"1"
"263",-0.302443289896473,-0.197702662786469,"1"
"264",0.294085179455578,-0.227176618762314,"1"
"265",0.254602894652635,0.486454699421301,"0"
"266",0.411394847324118,-0.482722729677334,"0"
"267",-0.177312295418233,0.127403575694188,"1"
"268",-0.413830526871607,-0.175474507501349,"1"
"269",0.411200454225764,-0.399165133247152,"1"
"270",0.45517382514663,0.40388650726527,"1"
"271",0.171142943901941,0.481174147920683,"0"
"272",0.244982200907543,0.0973079975228757,"1"
"273",-0.0599830236751586,0.209155345568433,"0"
"274",-0.384960582014173,-0.130861673038453,"1"
"275",0.175642782123759,0.477809820324183,"0"
"276",0.231559516629204,-0.135490711778402,"1"
"277",-0.0160150972660631,-0.113164303358644,"0"
"278",-0.328951962059364,-0.155305490829051,"1"
"279",0.175848534796387,0.184921450912952,"0"
"280",-0.237010053591803,0.481478552799672,"0"
"281",-0.15851917071268,-0.415978990262374,"0"
"282",-0.289754457073286,-0.269544165348634,"1"
"283",-0.483680405886844,0.321973090525717,"1"
"284",-0.123237122548744,-0.469804036198184,"0"
"285",0.0623074017930776,-0.293803808512166,"0"
"286",0.179984607733786,0.0130714024417102,"1"
"287",0.245388770475984,-0.241972952382639,"1"
"288",0.450072722276673,0.148439016193151,"1"
"289",-0.336909285746515,0.431770058348775,"0"
"290",-0.175243097823113,-0.419704906409606,"0"
"291",-0.367283964529634,-0.326702611753717,"1"
"292",0.137297438690439,-0.133683123392984,"1"
"293",-0.169070389354602,-0.37980347732082,"0"
"294",0.149079572875053,-0.351583493407816,"0"
"295",-0.197111641056836,0.286143692908809,"0"
"296",-0.428766733733937,0.0156643292866647,"1"
"297",0.162390468874946,-0.28700824547559,"0"
"298",0.25960356160067,0.216312152333558,"1"
"299",0.053360169287771,0.338777958648279,"0"
"300",0.0392720976378769,-0.132515701465309,"0"
"301",0.349592320388183,0.482450001407415,"0"
"302",0.153225958812982,-0.123024635482579,"1"
"303",0.450885756406933,0.466173188062385,"0"
"304",0.117223048349842,-0.19747350551188,"0"
"305",-0.00715936627238989,0.152758236508816,"0"
"306",0.476006565382704,-0.345053917495534,"1"
"307",-0.00965478387661278,-0.0381029159761965,"0"
"308",0.155172303086147,-0.332080946769565,"0"
"309",0.0988017893396318,0.270449555013329,"0"
"310",0.447569016367197,-0.205326327588409,"1"
"311",-0.131988492561504,0.371877405326813,"0"
"312",0.378187005175278,0.189380215713754,"1"
"313",-0.045124932192266,0.286237354390323,"0"
"314",-0.00353298475965858,-0.0919839115813375,"0"
"315",-0.0393843848723918,0.275438311509788,"0"
"316",0.117908196756616,0.339436399750412,"0"
"317",0.104143491946161,-0.12292607803829,"0"
"318",0.285879602655768,-0.349177455762401,"0"
"319",0.0552684748545289,-0.493662786437199,"0"
"320",0.268978339154273,-0.00811194162815809,"1"
"321",-0.0957143274135888,-0.0299135725945234,"1"
"322",0.0107198096811771,0.35776375234127,"0"
"323",0.0235364427790046,-0.323119002394378,"0"
"324",0.492799207800999,0.060150237986818,"1"
"325",-0.0703525787685066,0.39155146619305,"0"
"326",0.496011254843324,0.274404618423432,"1"
"327",0.286600246559829,0.0727240131236613,"1"
"328",0.0159106345381588,-0.271296467399225,"0"
"329",0.00268796551972628,0.299087410559878,"0"
"330",0.411637484328821,-0.220331938937306,"1"
"331",-0.235584102571011,0.248771412763745,"0"
"332",-0.326143132289872,-0.129895989317447,"1"
"333",-0.0996687449514866,-0.413725733058527,"0"
"334",0.0383573840372264,-0.201745687052608,"0"
"335",-0.255035625305027,0.247062176698819,"1"
"336",-0.12414904194884,0.394112277776003,"0"
"337",0.0802535472903401,0.266148843569681,"0"
"338",-0.291044688317925,0.369893295457587,"0"
"339",0.301330007379875,0.11552265798673,"1"
"340",0.138802415458485,0.329866404645145,"0"
"341",0.236330755986273,-0.32504887948744,"0"
"342",-0.0611875923350453,0.287731918040663,"0"
"343",0.0798123825807124,0.394071774557233,"0"
"344",-0.243955990532413,0.442049130098894,"0"
"345",-0.0362817679997534,-0.454457930056378,"0"
"346",-0.331385140540078,0.0930819329805672,"1"
"347",0.113894532900304,0.430880038067698,"0"
"348",0.458102620672435,-0.354974831454456,"1"
"349",-0.0218052710406482,0.362417074618861,"0"
"350",0.251159330829978,-0.270785169210285,"0"
"351",-0.479416783433408,-0.12381582474336,"1"
"352",-0.329030972905457,-0.270508173853159,"1"
"353",0.139966496499255,0.469307939289138,"0"
"354",-0.335021515376866,-0.368402607506141,"0"
"355",-0.145277224713936,0.10902849631384,"1"
"356",-0.313573526218534,-0.215954158222303,"1"
"357",0.397656161338091,-0.236405698349699,"1"
"358",-0.262216144008562,0.450865731807426,"0"
"359",0.48494348465465,0.320791990030557,"1"
"360",-0.478669263189659,-0.0473302081227303,"1"
"361",-0.392461034702137,0.0834136735647917,"1"
"362",-0.25517317163758,-0.154794310219586,"1"
"363",0.222362405620515,-0.472208536230028,"0"
"364",-0.467265056679025,-0.0396195685025305,"1"
"365",0.0493499941658229,-0.114925477420911,"0"
"366",0.18280868139118,-0.391124250832945,"0"
"367",-0.199759102892131,-0.449118773452938,"0"
"368",-0.111225539352745,0.230649506906047,"0"
"369",0.232446151785553,-0.229464870877564,"1"
"370",0.462496418273076,-0.483327735681087,"0"
"371",0.26059617032297,-0.174888657405972,"1"
"372",0.0816731620579958,0.430813524406403,"0"
"373",-0.0371270070318133,0.412691442994401,"0"
"374",-0.143690379569307,-0.448395204963163,"0"
"375",-0.116078184219077,-0.429635377600789,"0"
"376",-0.294218967901543,0.340225938474759,"0"
"377",-0.361219629179686,0.0409858501516283,"1"
"378",-0.110917856451124,0.25543450540863,"0"
"379",-0.233953777235001,0.0785532332956791,"1"
"380",0.203296282095835,-0.380231952061877,"0"
"381",-0.0921218334697187,-0.169887502677739,"0"
"382",-0.234435806050897,0.400348216295242,"0"
"383",-0.0990221449173987,-0.271635152166709,"0"
"384",-0.302686868002638,-0.190447723260149,"1"
"385",0.329931687563658,0.270928347948939,"1"
"386",0.0279877304565161,0.469186244299635,"0"
"387",-0.104869809700176,0.182690960122272,"0"
"388",0.0739665660075843,-0.143712809076533,"0"
"389",0.47097206977196,0.0960965526755899,"1"
"390",0.150149828288704,0.318059862358496,"0"
"391",-0.166398841189221,0.10440136352554,"1"
"392",-0.168552571441978,-0.112547960365191,"1"
"393",0.442434882745147,0.449844582704827,"0"
"394",-0.118887505494058,-0.158457240788266,"0"
"395",0.0643239228520542,0.338181524304673,"0"
"396",0.0115156886167824,-0.482203165069222,"0"
"397",-0.361139444867149,-0.135668880539015,"1"
"398",-0.260210586944595,0.314403104130179,"0"
"399",0.218009098200127,-0.0588151777628809,"1"
"400",-0.202776222256944,-0.237798223737627,"0"
"401",0.0112374203745276,-0.10803866898641,"0"
"402",-0.222289344063029,-0.00158074591308832,"1"
"403",-0.139343071728945,0.391100391047075,"0"
"404",-0.0624721490312368,0.051513068145141,"1"
"405",0.30306673143059,-0.158177204197273,"1"
"406",0.020609728526324,-0.0453963105101138,"0"
"407",0.19615207053721,-0.3625032606069,"0"
"408",0.347836898406968,0.370249459054321,"0"
"409",0.345709251938388,0.220970028312877,"1"
"410",-0.108124259626493,0.228438452119008,"0"
"411",-0.346486243186519,0.334255048306659,"1"
"412",0.139425793197006,0.160119301639497,"0"
"413",-0.21282897843048,0.252925019012764,"0"
"414",0.428337881108746,-0.296454908326268,"1"
"415",-0.344363880576566,0.352112657157704,"0"
"416",0.463841664139181,-0.378171369200572,"1"
"417",-0.498739520087838,0.0652678399346769,"1"
"418",0.2075262053404,0.33141346136108,"0"
"419",0.130187601782382,-0.458834695629776,"0"
"420",0.273078044643626,-0.405835171928629,"0"
"421",0.392606881214306,0.140401704702526,"1"
"422",0.0112040832173079,0.181310798274353,"0"
"423",0.249001072952524,0.365221020299941,"0"
"424",0.426379796583205,-0.216849431395531,"1"
"425",-0.408246480626985,0.262721385341138,"1"
"426",-0.00334451417438686,-0.0854028917383403,"0"
"427",-0.302498740376905,-0.252663203049451,"1"
"428",0.494132901309058,-0.0314948046579957,"1"
"429",-0.463178957812488,0.285841774893925,"1"
"430",-0.282436929875985,-0.283499045064673,"0"
"431",0.390936142764986,0.407011286122724,"0"
"432",-0.381063535809517,-0.0099524010438472,"1"
"433",-0.130961005808786,0.477546368958429,"0"
"434",-0.337623569881544,-0.232845620717853,"1"
"435",-0.333308481378481,0.400693229632452,"0"
"436",0.472504712175578,-0.228833907283843,"1"
"437",0.31039974396117,0.0465927263721824,"1"
"438",0.453327630413696,0.346082093194127,"1"
"439",-0.100089473184198,0.325097040273249,"0"
"440",0.352247319649905,0.347082067746669,"1"
"441",-0.435477142687887,0.408736692741513,"1"
"442",-0.197471232851967,0.444219138007611,"0"
"443",-0.00952713238075376,0.336835295427591,"0"
"444",0.146261239424348,-0.241617860738188,"0"
"445",0.0106343263760209,0.244136567460373,"0"
"446",0.297259234590456,-0.259067852981389,"1"
"447",0.0650089452974498,0.343022753251716,"0"
"448",-0.146476014051586,0.308800562983379,"0"
"449",0.15909994370304,-0.446391575736925,"0"
"450",-0.260725423926488,-0.318551712902263,"0"
"451",-0.234789212467149,-0.100983393844217,"1"
"452",0.0182688513305038,0.326253707753494,"0"
"453",0.237910868600011,0.471815726719797,"0"
"454",0.27961090602912,-0.496785687515512,"0"
"455",-0.385305603500456,0.258520066272467,"1"
"456",0.112373349256814,-0.00383815728127956,"1"
"457",0.410936175379902,-0.25354734598659,"1"
"458",0.134021459380165,-0.0202707431744784,"1"
"459",-0.225335967028514,-0.13217807514593,"1"
"460",-0.147164661902934,-0.405489374417812,"0"
"461",0.170829356648028,-0.346465528709814,"0"
"462",0.40671141911298,-0.485408183420077,"0"
"463",0.230235831812024,0.450592794222757,"0"
"464",0.419766988838091,-0.0250696293078363,"1"
"465",-0.117566742934287,-0.460104220779613,"0"
"466",0.354140537790954,-0.475569857750088,"0"
"467",-0.445265909889713,0.464344571577385,"0"
"468",-0.246013971045613,-0.445041416212916,"0"
"469",-0.132871002424508,-0.418892215006053,"0"
"470",-0.139429592061788,-0.382275075651705,"0"
"471",-0.219483469147235,0.436330437893048,"0"
"472",-0.111307489918545,-0.203154101734981,"0"
"473",-0.15186555753462,0.487614574842155,"0"
"474",-0.221076932968572,-0.205988376634195,"1"
"475",0.301088134991005,0.173546284204349,"1"
"476",0.495013840729371,-0.255157209467143,"1"
"477",0.253241962054744,0.0588736115023494,"1"
"478",0.103342928458005,-0.117490810342133,"0"
"479",0.0939481800887734,-0.120759570272639,"0"
"480",0.0822902880609035,0.17801263439469,"0"
"481",-0.261340714525431,0.415560310706496,"0"
"482",-0.0457156184129417,0.46651442325674,"0"
"483",0.495516625698656,0.439702642150223,"1"
"484",-0.417254017433152,-0.30834002722986,"1"
"485",-0.448093994520605,-0.0166233093477786,"1"
"486",-0.00620278716087341,-0.126295461086556,"0"
"487",-0.446006403537467,-0.341093797469512,"1"
"488",0.450448573101312,0.449929615948349,"1"
"489",0.133191261440516,0.37978630210273,"0"
"490",-0.230062919436023,0.15969964931719,"1"
"491",0.496812936384231,0.0514712810982019,"1"
"492",-0.141195888631046,0.466430145548657,"0"
"493",-0.128237922210246,-0.0320800221525133,"1"
"494",-0.169773601461202,0.338031981140375,"0"
"495",-0.395604486577213,0.0967692949343473,"1"
"496",0.0799014288932085,-0.326201181393117,"0"
"497",-0.166910534026101,-0.179848663043231,"0"
"498",-0.496222420828417,-0.212924658320844,"1"
"499",0.494596109492704,0.0198486489243805,"1"
"500",-0.130765138892457,0.46155557082966,"0"
"501",-0.279767438769341,0.499006775440648,"0"
"502",0.243159502279013,-0.288954624906182,"0"
"503",-0.19404268800281,0.341776327928528,"0"
"504",-0.0977911506779492,0.38047114526853,"0"
"505",-0.10642855707556,-0.179299008566886,"0"
"506",-0.0592435461003333,0.388823474524543,"0"
"507",0.272805076092482,0.191725779557601,"1"
"508",-0.29043095652014,0.158674211939797,"1"
"509",0.248122688150033,-0.371592173120007,"0"
"510",0.0853551526088268,-0.253465507412329,"0"
"511",-0.175552804488689,-0.402718511642888,"0"
"512",-0.124952550046146,0.369209955446422,"0"
"513",-0.473062806064263,-0.313659155974165,"1"
"514",-0.0166651238687336,-0.0355374189093709,"0"
"515",0.470080438768491,-0.244592029834166,"1"
"516",-0.499604929704219,-0.236773230368271,"1"
"517",-0.39429745147936,-0.105820666765794,"1"
"518",-0.0600567955989391,0.174603045452386,"0"
"519",-0.187701259041205,-0.46633575251326,"0"
"520",0.471332842018455,0.186238498659804,"1"
"521",0.0852688690647483,0.0903246717061847,"0"
"522",0.233928628498688,0.322487634606659,"0"
"523",0.163527151104063,0.257889477768913,"0"
"524",0.222984519321471,0.329130031634122,"0"
"525",-0.388985056430101,0.400898176478222,"0"
"526",-0.281420782906935,-0.0423594168387353,"1"
"527",0.122566301841289,-0.41270565171726,"0"
"528",0.45928042801097,0.224892642349005,"1"
"529",0.312315728049725,0.026502710999921,"1"
"530",-0.477837165119126,0.121370952343568,"1"
"531",0.182539045577869,0.212995127774775,"0"
"532",0.330787531333044,-0.113735676975921,"1"
"533",0.30780644249171,0.0715803632047027,"1"
"534",0.341845196206123,-0.352597501128912,"0"
"535",-0.312332326546311,-0.47023172932677,"0"
"536",-0.405055165756494,0.261555608361959,"1"
"537",-0.0511848856694996,0.490426548058167,"0"
"538",0.100480488035828,-0.0628731972537935,"1"
"539",0.363572281086817,0.291712535778061,"1"
"540",0.351455894997343,-0.323136452119797,"1"
"541",0.197781169321388,-0.0140136640984565,"1"
"542",0.143972165416926,0.189254847355187,"0"
"543",0.154697128804401,-0.312425337033346,"0"
"544",0.380354868015274,-0.290575405815616,"1"
"545",0.356937165604904,0.180473471991718,"1"
"546",0.346829579444602,-0.0967708320822567,"1"
"547",-0.17347894795239,0.455516677815467,"0"
"548",0.0470013041049242,0.118926043855026,"0"
"549",0.234375969041139,0.452667465666309,"0"
"550",0.305295538622886,-0.349185177590698,"0"
"551",-0.293559991987422,0.0704418790992349,"1"
"552",0.38016166491434,-0.0213383331429213,"1"
"553",-0.103923638584092,-0.192772828740999,"0"
"554",0.483006979571655,0.385542569216341,"1"
"555",0.0614219203125685,0.0418244139291346,"1"
"556",0.408614467130974,-0.0778668348211795,"1"
"557",0.215133767575026,-0.380831507733092,"0"
"558",-0.26436358760111,0.171381371561438,"1"
"559",-0.49609482078813,0.298674912424758,"1"
"560",-0.0206194918137044,-0.347803132375702,"0"
"561",0.372133125551045,0.103021687129512,"1"
"562",-0.237672732910141,-0.246950141619891,"0"
"563",0.163404555525631,-0.336680983426049,"0"
"564",0.379644723143429,-0.361568104242906,"1"
"565",0.411505255615339,0.487214853987098,"0"
"566",-0.109681533416733,-0.229663566686213,"0"
"567",0.365150691242889,-0.220792251639068,"1"
"568",0.0146185813937336,0.443206391995773,"0"
"569",0.241198946256191,-0.317662270041183,"0"
"570",0.460206613643095,0.375347912078723,"1"
"571",0.0697099713142961,-0.314990013604984,"0"
"572",-0.188900491921231,-0.0761087967548519,"1"
"573",0.243301627924666,-0.201569358818233,"1"
"574",-0.0495270304381847,-0.374149538110942,"0"
"575",-0.0261081892531365,0.102257318561897,"0"
"576",-0.0255834336858243,-0.162558231735602,"0"
"577",0.240705574164167,-0.0871848331298679,"1"
"578",-0.392807433148846,0.420297511387616,"0"
"579",0.142180776689202,0.43827130459249,"0"
"580",-0.0778159964829683,0.00683327252045274,"1"
"581",0.300509229302406,-0.393479998921975,"0"
"582",0.116788247600198,-0.245051493868232,"0"
"583",-0.250631674425676,0.394999388372526,"0"
"584",0.181223340798169,-0.477849614340812,"0"
"585",-0.152261367999017,-0.0961248527746648,"1"
"586",0.391463714418933,-0.115118857007474,"1"
"587",0.157239426160231,-0.233272396959364,"0"
"588",0.438665465684608,-0.44302415009588,"0"
"589",-0.365822489373386,-0.344749166630208,"1"
"590",0.472460073418915,-0.0806577375624329,"1"
"591",-0.149251481052488,-0.0207018221262842,"1"
"592",-0.262999766273424,-0.0848797005601227,"1"
"593",0.115628783591092,-0.315330192213878,"0"
"594",0.247133701341227,-0.299585366388783,"0"
"595",0.463518382515758,-0.324040573090315,"1"
"596",0.432684667641297,-0.325550109148026,"1"
"597",0.292186742182821,0.394672409864143,"0"
"598",-0.188265376258641,-0.45364406472072,"0"
"599",-0.406586559489369,0.464066794374958,"0"
"600",-0.292706144507974,-0.251692386576906,"1"
"601",-0.468233664520085,-0.235130441840738,"1"
"602",0.0797054923605174,-0.0766614121384919,"1"
"603",-0.345795163884759,-0.0758500690571964,"1"
"604",-0.374729497358203,-0.176350669702515,"1"
"605",-0.352014188654721,-0.393030831823125,"0"
"606",0.413342627696693,-0.290112750139087,"1"
"607",-0.242569593479857,-0.0768052283674479,"1"
"608",0.0424652954097837,0.0656809448264539,"0"
"609",0.149022462777793,0.166212061420083,"0"
"610",-0.350805629976094,0.0147999781183898,"1"
"611",0.348940449999645,0.0570241997484118,"1"
"612",-0.206494918325916,0.236128855496645,"0"
"613",0.0521420007571578,-0.100617312826216,"0"
"614",0.373134855413809,0.310979575617239,"1"
"615",0.146984442137182,-0.264395660953596,"0"
"616",-0.102816607803106,0.107064096722752,"0"
"617",-0.470466549741104,0.0578452493064106,"1"
"618",-0.14314082916826,-0.428931676317006,"0"
"619",0.198544672224671,-0.473092184634879,"0"
"620",-0.200551672372967,-0.335201703477651,"0"
"621",0.304871990112588,-0.284203546587378,"1"
"622",0.27427911106497,-0.405799439642578,"0"
"623",-0.288864822359756,0.285298469942063,"1"
"624",-0.122836583293974,-0.140612566377968,"0"
"625",-0.188626371556893,-0.27186514553614,"0"
"626",0.397573768626899,0.051893962547183,"1"
"627",-0.0835385436657816,-0.493835960049182,"0"
"628",0.33588398178108,-0.378958490211517,"0"
"629",-0.178560271859169,-0.440674277720973,"0"
"630",-0.362603291636333,-0.199762942269444,"1"
"631",0.117712914943695,0.436604528455064,"0"
"632",0.175416509388015,0.237613967154175,"0"
"633",-0.227567896014079,0.468971486436203,"0"
"634",-0.313793030800298,-0.231842884328216,"1"
"635",-0.16967362863943,-0.465957728214562,"0"
"636",-0.378180001163855,0.279908949509263,"1"
"637",-0.264469448011369,0.213631255086511,"1"
"638",0.432846629526466,-0.35385369299911,"1"
"639",0.282541413791478,-0.141181156504899,"1"
"640",-0.0482348506338894,-0.432233760599047,"0"
"641",-0.389199929311872,-0.220493434229866,"1"
"642",0.388677896000445,0.209009973565117,"1"
"643",0.313587457872927,0.228741066064686,"1"
"644",-0.303213236387819,0.011366053018719,"1"
"645",0.100222423439845,0.20117739518173,"0"
"646",-0.460042037302628,-0.146066276822239,"1"
"647",-0.0262380163185298,-0.134909145766869,"0"
"648",0.276964945718646,-0.477311104070395,"0"
"649",0.0798329107929021,-0.249914031010121,"0"
"650",-0.178008262766525,-0.208201164379716,"0"
"651",0.493388398550451,-0.11846383055672,"1"
"652",-0.00373063329607248,-0.0476772151887417,"0"
"653",0.181448375806212,-0.214820160297677,"0"
"654",0.237922633532435,0.122805397724733,"1"
"655",0.407612952636555,-0.434834968764335,"0"
"656",-0.058520823949948,0.0511273967567831,"1"
"657",0.248124176869169,0.382449692115188,"0"
"658",0.254517887020484,-0.0835675762500614,"1"
"659",-0.0546404737979174,-0.398996718926355,"0"
"660",-0.133623947622254,0.203462731093168,"0"
"661",-0.420903001213446,-0.250138426665217,"1"
"662",-0.294804865960032,0.273369594011456,"1"
"663",0.385000819573179,-0.163589163450524,"1"
"664",0.416921712923795,-0.162862156052142,"1"
"665",0.117564354790375,-0.395616956287995,"0"
"666",-0.133958959253505,0.430810341378674,"0"
"667",0.175886585144326,-0.287819487042725,"0"
"668",-0.0895803405437618,-0.279504335252568,"0"
"669",0.169335287762806,0.3723777923733,"0"
"670",0.410149407805875,0.0513432365842164,"1"
"671",-0.0851245764642954,0.269294773461297,"0"
"672",-0.347048368072137,0.410068840021268,"0"
"673",-0.12252628034912,0.44354428187944,"0"
"674",-0.0342097454704344,0.225948498817161,"0"
"675",-0.255729241063818,0.364951264346018,"0"
"676",-0.3817806430161,0.479449610924348,"0"
"677",-0.4917176454328,-0.337095798924565,"1"
"678",0.150868897559121,0.124360517365858,"1"
"679",-0.44343441631645,0.297445106552914,"1"
"680",-0.369890769710764,0.126611370127648,"1"
"681",0.460689857602119,-0.441695655230433,"1"
"682",-0.240428442368284,-0.325619009090587,"0"
"683",-0.490933398948982,0.406194851500914,"1"
"684",0.492870629299432,-0.221367840422317,"1"
"685",0.152903802227229,0.437503709690645,"0"
"686",0.224484820384532,-0.489753612317145,"0"
"687",0.214281988330185,-0.00962640182115138,"1"
"688",0.325024178251624,0.188343524932861,"1"
"689",-0.351755078881979,-0.228953771991655,"1"
"690",0.175003472948447,-0.421109766233712,"0"
"691",0.346872858470306,0.0444440175779164,"1"
"692",0.492584992898628,0.488941555144265,"1"
"693",-0.195906813954934,0.149021995253861,"1"
"694",-0.354605111060664,-0.0216062474064529,"1"
"695",0.0190369435586035,-0.329126657918096,"0"
"696",0.33215231820941,0.424159534508362,"0"
"697",0.418171508004889,0.40104810311459,"1"
"698",-0.151896137278527,-0.126688230317086,"1"
"699",-0.167310662567616,0.304569482803345,"0"
"700",0.338867004262283,-0.252214588690549,"1"
"701",-0.0537604095879942,0.337128684855998,"0"
"702",0.194593563908711,-0.00430039525963366,"1"
"703",0.40281082643196,-0.123759266221896,"1"
"704",-0.470525796059519,-0.40029994235374,"1"
"705",-0.0281922817230225,0.0129479058086872,"1"
"706",-0.0911097857169807,0.24062765063718,"0"
"707",-0.163059727288783,0.285538741154596,"0"
"708",0.163275548955426,-0.174542415654287,"0"
"709",0.373135847970843,0.132882179226726,"1"
"710",-0.413240586873144,0.159430523402989,"1"
"711",-0.165356401586905,0.327569632092491,"0"
"712",0.433748877141625,0.110106265172362,"1"
"713",0.418592990608886,0.215251603396609,"1"
"714",0.186753215966746,-0.273814566899091,"0"
"715",-0.116456421790645,0.101957366801798,"1"
"716",-0.491017832653597,0.177899166243151,"1"
"717",0.219938768772408,-0.0902041529770941,"1"
"718",-0.0190733855124563,0.323254840215668,"0"
"719",-0.496277213329449,0.121867615031078,"1"
"720",0.0721116829663515,-0.00347229489125311,"1"
"721",-0.419344961643219,-0.446069131838158,"0"
"722",-0.120109271956608,-0.214652893831953,"0"
"723",0.499523676931858,-0.315249977400526,"1"
"724",-0.402532533975318,-0.120799097698182,"1"
"725",0.304216082207859,0.303916916251183,"1"
"726",-0.415770415682346,0.0321836196817458,"1"
"727",0.377182387746871,-0.475122404051945,"0"
"728",0.48254283843562,0.461076749954373,"1"
"729",0.109853369416669,0.32861872180365,"0"
"730",0.184833080740646,0.263579335296527,"0"
"731",-0.00540489936247468,0.0414367520716041,"0"
"732",-0.22401097859256,0.0723897330462933,"1"
"733",-0.496278881793842,-0.351816817419603,"1"
"734",0.164426273666322,0.010007438249886,"1"
"735",0.0482790162786841,0.260999102378264,"0"
"736",0.0960336336866021,0.467597575392574,"0"
"737",-0.191653695190325,0.0695754268672317,"1"
"738",0.397289331303909,-0.384336510207504,"1"
"739",0.416157074971125,-0.355079324683174,"1"
"740",0.47169053950347,0.119518451625481,"1"
"741",-0.157623798819259,-0.251954666338861,"0"
"742",0.428428851300851,-0.00978812202811241,"1"
"743",0.418632504530251,-0.344870077911764,"1"
"744",0.191446333890781,0.253449416020885,"0"
"745",0.269923868821934,0.490270402049646,"0"
"746",0.102196601219475,-0.211601574905217,"0"
"747",0.269321489380673,-0.379291033139452,"0"
"748",-0.402016917010769,-0.202247962588444,"1"
"749",-0.268247605999932,-0.483880221145228,"0"
"750",0.206835321849212,0.175912711769342,"1"
"751",-0.471178038511425,0.36382135655731,"1"
"752",0.131142366910353,0.26761332154274,"0"
"753",0.17215778073296,0.381205892655998,"0"
"754",-0.0471142660826445,-0.276027512503788,"0"
"755",0.175898802699521,0.221569608198479,"0"
"756",-0.490606688894331,0.192485142033547,"1"
"757",-0.436519618146122,0.359074962791055,"1"
"758",-0.220766816521063,-0.267081005265936,"0"
"759",-0.0321130566298962,0.372158291749656,"0"
"760",0.27645726245828,-0.0870064699556679,"1"
"761",-0.133075734134763,0.276460166554898,"0"
"762",0.400720071746036,-0.128162644803524,"1"
"763",0.0214052640367299,0.0584901899565011,"0"
"764",-0.210390673950315,-0.424143959768116,"0"
"765",-0.255416665691882,0.356890628347173,"0"
"766",0.0891333012841642,0.187121654395014,"0"
"767",-0.11924363579601,-0.164266319945455,"0"
"768",0.205413333373144,-0.0816310283262283,"1"
"769",-0.383959226775914,-0.146181395277381,"1"
"770",0.0984548616688699,-0.495539255905896,"0"
"771",0.346073140157387,-0.353476294316351,"0"
"772",-0.149135979590937,0.239962768275291,"0"
"773",-0.18383297114633,-0.401193739613518,"0"
"774",0.280196067877114,-0.130623128730804,"1"
"775",-0.245210077613592,0.199528310680762,"1"
"776",0.340200149221346,-0.219391885912046,"1"
"777",0.251392943551764,-0.0322985139209777,"1"
"778",-0.191217733547091,-0.409124843077734,"0"
"779",-0.0419530712533742,-0.358741096453741,"0"
"780",-0.0851019856054336,-0.237225522985682,"0"
"781",-0.174983974313363,0.166199540952221,"1"
"782",-0.364383454434574,0.194249017164111,"1"
"783",0.410110964905471,-0.0786774868611246,"1"
"784",-0.349615134531632,0.238296960946172,"1"
"785",0.337922944687307,-0.263123144395649,"1"
"786",0.0442733990494162,-0.106584809953347,"0"
"787",-0.384047251194715,-0.11925734183751,"1"
"788",-0.455770656466484,0.388367745792493,"1"
"789",-0.217306526843458,-0.103490338893607,"1"
"790",0.381263745948672,-0.434486880898476,"0"
"791",0.336947951465845,0.0156047069467604,"1"
"792",-0.442238175775856,-0.0350058793555945,"1"
"793",-0.451278988504782,0.0249516370240599,"1"
"794",-0.183363668387756,-0.349756744690239,"0"
"795",-0.36856787558645,0.21100086462684,"1"
"796",-0.464387564221397,-0.129701838130131,"1"
"797",-0.379165320424363,-0.0466656107455492,"1"
"798",0.0678826216608286,0.117913481080905,"0"
"799",-0.372659189160913,-0.216332063544542,"1"
"800",0.258052353048697,-0.2930170558393,"0"
"801",-0.400573912775144,0.107758517609909,"1"
"802",-0.270065924385563,0.166271646972746,"1"
"803",-0.0563737945631146,-0.298759849276394,"0"
"804",0.0157049046829343,0.363389909034595,"0"
"805",0.424894245807081,-0.0648989432957023,"1"
"806",-0.455543163698167,-0.498901615384966,"0"
"807",-0.350843420019373,0.201569143449888,"1"
"808",0.348173883976415,-0.0904217879287899,"1"
"809",-0.347044092370197,-0.192685095360503,"1"
"810",0.32496679876931,-0.131821449846029,"1"
"811",0.363192119635642,0.390198575565591,"0"
"812",0.154358659870923,0.160481355153024,"0"
"813",-0.47799139842391,-0.287292680703104,"1"
"814",0.497943049296737,0.333987733814865,"1"
"815",-0.352352594025433,0.0719749107956886,"1"
"816",-0.417442294303328,0.434349286369979,"0"
"817",0.29769322136417,-0.307792633073404,"0"
"818",-0.155934592476115,-0.494399287737906,"0"
"819",0.228606009157375,-0.417030886048451,"0"
"820",-0.158950415672734,-0.438319225562736,"0"
"821",0.360830312361941,-0.19588625524193,"1"
"822",-0.092776559991762,0.0671783103607595,"1"
"823",0.0685604715254158,0.368846873287112,"0"
"824",0.401550340233371,-0.0880931271240115,"1"
"825",0.435264587402344,-0.0613444114569575,"1"
"826",0.34720006538555,-0.268267794745043,"1"
"827",-0.0859770479146391,-0.139640411362052,"0"
"828",-0.152565572410822,-0.0546189665328711,"1"
"829",-0.0431016085203737,0.391860495554283,"0"
"830",0.403774577425793,-0.0241203452460468,"1"
"831",-0.139722278574482,0.274428101023659,"0"
"832",0.0791492231655866,-0.192800576100126,"0"
"833",0.128182840067893,0.321368764853105,"0"
"834",0.213486996246502,-0.249201712897047,"0"
"835",-0.477939754724503,0.249072672333568,"1"
"836",-0.00309341540560126,0.23307295027189,"0"
"837",-0.0594971999526024,0.131442037411034,"0"
"838",0.0577421037014574,-0.215155670186505,"0"
"839",-0.32438114611432,-0.135059495456517,"1"
"840",0.0635869007091969,0.488211081828922,"0"
"841",0.109652349026874,0.16514722420834,"0"
"842",0.139012899715453,-0.0341900256462395,"1"
"843",0.29298900696449,-0.389916138956323,"0"
"844",-0.153553896350786,-0.111983480164781,"1"
"845",-0.166496837278828,-0.0152644843328744,"1"
"846",0.487471286207438,0.115823410684243,"1"
"847",0.216450798325241,0.158124185865745,"1"
"848",-0.0889631507452577,-0.135713631985709,"0"
"849",0.0702433558180928,0.166233814088628,"0"
"850",-0.395050392486155,-0.445699143689126,"0"
"851",0.367268521338701,-0.014504425926134,"1"
"852",-0.0221218585502356,-0.289138759952039,"0"
"853",-0.221433371538296,-0.432043056935072,"0"
"854",-0.0369792613200843,0.334923235233873,"0"
"855",-0.458915147231892,0.131365421460941,"1"
"856",0.374346915865317,-0.319987131748348,"1"
"857",0.243338249158114,0.2977229449898,"0"
"858",-0.427367179654539,0.382581403246149,"1"
"859",-0.0740349823608994,0.415042050881311,"0"
"860",0.0157740989234298,-0.122778499498963,"0"
"861",0.238704572198913,-0.394919562619179,"0"
"862",-0.231979642761871,-0.136154786683619,"1"
"863",-0.0127007127739489,0.00851983018219471,"1"
"864",0.462395373499021,0.207368178060278,"1"
"865",0.341885150177404,0.121825180947781,"1"
"866",-0.231891778763384,-0.467910672072321,"0"
"867",-0.239260303089395,0.265292827272788,"0"
"868",0.413385180290788,0.0384318234864622,"1"
"869",0.0991072528995574,-0.0136066058184952,"1"
"870",-0.436331636738032,-0.360122190089896,"1"
"871",0.21736633265391,0.0668672113679349,"1"
"872",0.242143978830427,-0.308841885067523,"0"
"873",-0.237293027574196,0.176301201572642,"1"
"874",0.030022650025785,-0.061838184017688,"0"
"875",0.304355883039534,0.0844110294710845,"1"
"876",0.227818885585293,0.259286186890677,"0"
"877",0.365394731285051,-0.498633447568864,"0"
"878",-0.453604019712657,0.0209413934499025,"1"
"879",-0.491918754996732,-0.0162215265445411,"1"
"880",0.439389791572466,0.161978346761316,"1"
"881",-0.258337568026036,0.110026950016618,"1"
"882",0.399706941097975,0.0898540415801108,"1"
"883",0.0113481141161174,0.321509099565446,"0"
"884",0.196935137268156,-0.0856473783496767,"1"
"885",0.457055350299925,-0.298110806383193,"1"
"886",-0.44583262107335,0.393811862682924,"1"
"887",-0.370402294909582,0.371067605679855,"0"
"888",0.268204498570412,0.303938359254971,"0"
"889",0.36131494329311,-0.328631728654727,"1"
"890",0.227872618706897,-0.398860140237957,"0"
"891",0.40420415927656,0.417963207699358,"0"
"892",0.241511442232877,0.336317548062652,"0"
"893",-0.338488460984081,-0.116059522144496,"1"
"894",-0.0175503974314779,-0.22638714662753,"0"
"895",-0.0899506032001227,0.193594555137679,"0"
"896",-0.0340927361976355,-0.119935666676611,"0"
"897",-0.0565008029807359,0.498172167455778,"0"
"898",-0.473475796403363,-0.174214289756492,"1"
"899",0.153952265391126,0.0127177417743951,"1"
"900",-0.109416355844587,0.0733613553456962,"1"
"901",-0.473776065511629,-0.303789038676769,"1"
"902",-0.208999665221199,-0.193696988280863,"1"
"903",-0.499551170505583,0.274638884933665,"1"
"904",0.145466874819249,0.264851437415928,"0"
"905",0.326924641849473,0.350665984908119,"0"
"906",0.254912429023534,-0.228182141203433,"1"
"907",0.0148178525269032,0.492149013793096,"0"
"908",0.119599252007902,0.0472443546168506,"1"
"909",-0.102010703878477,0.432613668497652,"0"
"910",-0.0694627976045012,0.0973954084329307,"0"
"911",0.134725053561851,-0.277473377995193,"0"
"912",-0.0202067324426025,-0.429379571927711,"0"
"913",0.0593633349053562,0.119219635147601,"0"
"914",0.00974329886958003,-0.394372612703592,"0"
"915",0.32651012763381,0.167768593411893,"1"
"916",0.0600976583082229,-0.0157010310795158,"1"
"917",-0.486719241598621,-0.00830558920279145,"1"
"918",-0.024406248005107,0.351855835411698,"0"
"919",-0.46355818468146,-0.432117185322568,"1"
"920",-0.255165799986571,0.0815194426104426,"1"
"921",0.45468720397912,-0.490740171633661,"0"
"922",-0.230374834965914,0.315075642662123,"0"
"923",-0.452786740381271,0.240966282319278,"1"
"924",0.461704565212131,0.345923924352974,"1"
"925",-0.458823431050405,0.160420403815806,"1"
"926",0.0685715808067471,0.407996349735186,"0"
"927",-0.0106245204806328,0.304096950218081,"0"
"928",0.315682523651049,0.00103076244704425,"1"
"929",0.0262332316488028,-0.436195048270747,"0"
"930",0.336837919894606,-0.334901759866625,"1"
"931",-0.428173705004156,-0.00223692739382386,"1"
"932",0.245558192720637,-0.369290666189045,"0"
"933",-0.162539803655818,-0.40607363008894,"0"
"934",0.120404129847884,0.0537941446527839,"1"
"935",0.217978593893349,-0.0034417062997818,"1"
"936",0.44962487812154,0.246836592676118,"1"
"937",-0.228048783261329,-0.0122944063041359,"1"
"938",0.471808530157432,0.483347236877307,"0"
"939",-0.0275925691239536,-0.453893820988014,"0"
"940",0.297626314684749,0.445414031390101,"0"
"941",0.408888867590576,0.246565746376291,"1"
"942",0.490690205013379,0.385279384907335,"1"
"943",-0.278679775074124,-0.450675973435864,"0"
"944",-0.307553242659196,-0.0496078082360327,"1"
"945",0.209934936370701,0.203572834609076,"1"
"946",0.345701195765287,0.345489898463711,"1"
"947",-0.456242830492556,0.0847870269790292,"1"
"948",0.228324815863743,-0.178620547987521,"1"
"949",-0.200808786787093,0.254104435443878,"0"
"950",-0.242315809940919,0.0515781010035425,"1"
"951",0.480479960795492,0.072700813645497,"1"
"952",0.365344444522634,-0.379344861488789,"0"
"953",0.164117997512221,-0.421816288726404,"0"
"954",0.368872760329396,-0.0290190952364355,"1"
"955",0.343406124273315,0.27479669614695,"1"
"956",0.466682172147557,-0.412996958009899,"1"
"957",0.413265561219305,0.312957789283246,"1"
"958",-0.216392912901938,0.446303341304883,"0"
"959",-0.0421909196302295,-0.256136062555015,"0"
"960",0.368902712129056,-0.343655814416707,"1"
"961",0.0165516310371459,-0.468555819243193,"0"
"962",-0.234122856520116,0.118317203363404,"1"
"963",0.368621321860701,0.135445650899783,"1"
"964",0.19016597350128,0.345672537805513,"0"
"965",0.0945103466510773,0.493200353579596,"0"
"966",0.423572383122519,-0.404793079942465,"1"
"967",-0.350617152638733,0.130696022883058,"1"
"968",0.306451119482517,0.0543637662194669,"1"
"969",-0.18855397682637,-0.33670548372902,"0"
"970",0.420874469680712,0.122858088929206,"1"
"971",0.149581047240645,-0.493031236343086,"0"
"972",-0.321643453789875,0.205322429304942,"1"
"973",-0.0586203699931502,-0.489553318824619,"0"
"974",0.254639229737222,-0.386773753212765,"0"
"975",-0.242307336069643,0.363708812743425,"0"
"976",0.498937765602022,0.150027886033058,"1"
"977",0.0224501409102231,0.120635683648288,"0"
"978",0.498112822184339,0.0810826513916254,"1"
"979",-0.0973915695212781,-0.38377113849856,"0"
"980",0.084302423056215,0.474047544179484,"0"
"981",0.391811889130622,0.386825089808553,"1"
"982",0.353427120717242,-0.24529301840812,"1"
"983",-0.0707668729592115,0.420477402163669,"0"
"984",-0.221227401401848,-0.485806967597455,"0"
"985",0.391857965383679,0.325243624858558,"1"
"986",0.487307742703706,0.123832203447819,"1"
"987",-0.360410795547068,0.199991449946538,"1"
"988",0.040398288751021,0.102156874956563,"0"
"989",-0.189414072548971,-0.291635395726189,"0"
"990",0.352080375188962,-0.192300511524081,"1"
"991",-0.456469877623022,-0.345255213556811,"1"
"992",-0.127827715594321,-0.133748650550842,"0"
"993",0.0159765770658851,-0.430783770512789,"0"
"994",0.267763015115634,0.357434250181541,"0"
"995",-0.212650142144412,0.428164690034464,"0"
"996",0.316648775711656,0.453513073269278,"0"
"997",-0.494726524455473,0.429534057388082,"1"
"998",-0.477690395899117,0.422442125389352,"1"
"999",-0.257029387867078,0.345202659023926,"0"
"1000",0.331358972936869,0.351049596443772,"0"
"1001",-0.425951704150066,-0.401306137675419,"1"
"1002",-0.38813364226371,0.00962989078834653,"1"
"1003",0.123944004997611,-0.205125528620556,"0"
"1004",0.171081800479442,-0.231371251167729,"0"
"1005",-0.134105789940804,-0.187005239538848,"0"
"1006",-0.316818612394854,0.451897366903722,"0"
"1007",-0.473280297825113,-0.376758903032169,"1"
"1008",-0.00954747735522687,-0.169694898882881,"0"
"1009",0.0959279625676572,0.12356843193993,"0"
"1010",0.45614354731515,-0.301580247934908,"1"
"1011",-0.141610878286883,0.12154350662604,"1"
"1012",-0.320544265210629,-0.248431725427508,"1"
"1013",0.492507245857269,-0.323750952025875,"1"
"1014",-0.46929826005362,0.193639613920823,"1"
"1015",0.223105238052085,-0.350771997123957,"0"
"1016",-0.455576698761433,-0.277170367306098,"1"
"1017",-0.217760254163295,-0.169347888091579,"1"
"1018",-0.442096138838679,0.356849345378578,"1"
"1019",0.15785947185941,0.0745411212556064,"1"
"1020",0.400996441487223,-0.484000262105837,"0"
"1021",-0.0180478270631284,-0.475356301292777,"0"
"1022",0.218140758341178,0.399306253297254,"0"
"1023",0.170357310911641,-0.318730677245185,"0"
"1024",-0.130445729009807,-0.45359040889889,"0"
"1025",0.487303668633103,-0.314366857055575,"1"
"1026",-0.142054209951311,-0.0803243445698172,"1"
"1027",-0.221114268060774,-0.439548465888947,"0"
"1028",-0.204781668027863,-0.363505885703489,"0"
"1029",0.225533662363887,-0.0438690981827676,"1"
"1030",0.023708141874522,0.174822342116386,"0"
"1031",0.398709599627182,0.0620682400185615,"1"
"1032",0.0545343428384513,-0.386441389797255,"0"
"1033",-0.319055405445397,-0.110750615363941,"1"
"1034",0.487677411874756,0.329725538147613,"1"
"1035",-0.415505412966013,-0.389509104657918,"1"
"1036",-0.219846563413739,-0.360529018798843,"0"
"1037",-0.113222090993077,-0.130584010155872,"0"
"1038",0.167581452988088,-0.177732864161953,"0"
"1039",0.0324712439905852,0.000755748245865107,"1"
"1040",-0.269038672093302,-0.272195866098627,"0"
"1041",0.132278958568349,-0.370681778760627,"0"
"1042",0.0387201041448861,-0.303110485663638,"0"
"1043",0.21434985822998,-0.104360041208565,"1"
"1044",0.277633956167847,-0.0310871214605868,"1"
"1045",-0.324905549641699,0.178304572822526,"1"
"1046",0.283995329169556,-0.288423334248364,"0"
"1047",0.457895490108058,0.0550042083486915,"1"
"1048",0.381403522798792,0.301390326581895,"1"
"1049",0.443892430514097,-0.177636299049482,"1"
"1050",-0.33043255796656,-0.329612802015617,"1"
"1051",-0.350236112484708,-0.246185724623501,"1"
"1052",-0.348874103277922,-0.424007075605914,"0"
"1053",0.144125224556774,-0.0948378033936024,"1"
"1054",0.167740967124701,-0.303783189272508,"0"
"1055",0.169545366195962,-0.164838661206886,"1"
"1056",-0.289817410288379,-0.15060686157085,"1"
"1057",-0.310027064755559,-0.056589080253616,"1"
"1058",-0.02270044432953,-0.243541687261313,"0"
"1059",0.276646861806512,-0.350469871191308,"0"
"1060",0.273280043853447,-0.0687711357604712,"1"
"1061",0.0256271476391703,0.207169879460707,"0"
"1062",0.47964469762519,-0.0702255251817405,"1"
"1063",0.489232730586082,-0.0275380709208548,"1"
"1064",0.0265949384775013,0.494097140152007,"0"
"1065",-0.403195743216202,0.414788508787751,"0"
"1066",0.0685671721585095,0.303843081695959,"0"
"1067",-0.35984812118113,0.49699667096138,"0"
"1068",0.0900340096559376,0.0703599019907415,"1"
"1069",0.431667194934562,-0.15379605954513,"1"
"1070",-0.300351826706901,-0.134655204135925,"1"
"1071",-0.091250782366842,-0.0180188685189933,"1"
"1072",-0.130566701991484,-0.22831014264375,"0"
"1073",0.246998375980183,0.0914944596588612,"1"
"1074",-0.387008040212095,-0.206997953355312,"1"
"1075",-0.377040133113042,0.324456976959482,"1"
"1076",0.219678602414206,-0.0974602091591805,"1"
"1077",0.360271706944332,-0.29114411235787,"1"
"1078",-0.259088098071516,-0.203835040098056,"1"
"1079",0.164294360438362,-0.125538601074368,"1"
"1080",-0.181102137779817,0.0995701551437378,"1"
"1081",0.281142134685069,0.25786119280383,"1"
"1082",0.159678281983361,0.279753310140222,"0"
"1083",-0.265095148002729,-0.0707978971768171,"1"
"1084",-0.254252535756677,0.0695510525256395,"1"
"1085",0.194650320103392,-0.3436743109487,"0"
"1086",-0.256325975758955,-0.22094368445687,"1"
"1087",0.0614375651348382,0.252403353573754,"0"
"1088",0.296577516244724,-0.456498889252543,"0"
"1089",0.121433270396665,0.255054536275566,"0"
"1090",-0.0297082357574254,-0.0951234905514866,"0"
"1091",0.124193680938333,0.427861518925056,"0"
"1092",0.499853645917028,0.353438231628388,"1"
"1093",0.26042796834372,-0.0601503087673336,"1"
"1094",-0.379646560875699,-0.40815879474394,"0"
"1095",-0.178115415852517,-0.35749660525471,"0"
"1096",0.272022798890248,-0.449671787209809,"0"
"1097",0.455274682957679,0.282028402434662,"1"
"1098",-0.101241442840546,0.340025607729331,"0"
"1099",-0.305652268696576,0.181718560634181,"1"
"1100",0.483098177937791,0.357860681833699,"1"
"1101",-0.353561141062528,-0.283079095883295,"1"
"1102",0.307343557476997,0.126315209781751,"1"
"1103",0.202470279298723,0.0543094095773995,"1"
"1104",0.299476550426334,-0.156845878344029,"1"
"1105",0.0308011907618493,0.155334211187437,"0"
"1106",-0.0398449683561921,0.349807288264856,"0"
"1107",-0.347280915826559,-0.163515766849741,"1"
"1108",0.498106719693169,0.394048942020163,"1"
"1109",0.0573126550298184,0.468965157400817,"0"
"1110",-0.00781670911237597,0.197786235483363,"0"
"1111",-0.0874133855104446,0.209437418030575,"0"
"1112",-0.242598254932091,-0.186663302592933,"1"
"1113",-0.335797469131649,-0.131597275612876,"1"
"1114",0.371655251597986,-0.327825924614444,"1"
"1115",0.131293144542724,0.118742370977998,"1"
"1116",0.463963123969734,0.0840101174544543,"1"
"1117",0.443785175913945,-0.316452556988224,"1"
"1118",0.455002926290035,-0.235745615325868,"1"
"1119",0.39792666840367,0.277882085880265,"1"
"1120",-0.0780697334557772,-0.214868480805308,"0"
"1121",0.498057381948456,0.284450600389391,"1"
"1122",0.275501184165478,0.380527405301109,"0"
"1123",0.252772056264803,0.425328093813732,"0"
"1124",-0.358731367159635,0.343946809414774,"1"
"1125",-0.250789434881881,0.00761794717982411,"1"
"1126",0.0854154662229121,0.165681796846911,"0"
"1127",-0.0650834289845079,0.352085268357769,"0"
"1128",-0.385730371112004,0.156954262172803,"1"
"1129",0.261027491651475,-0.14566889568232,"1"
"1130",0.392411955632269,0.354674789588898,"1"
"1131",-0.353982790606096,-0.2399038055446,"1"
"1132",-0.118778164964169,0.300143808824942,"0"
"1133",-0.330521601717919,-0.284883939893916,"1"
"1134",0.49962295149453,0.43119677552022,"1"
"1135",-0.327718386659399,0.0109670916572213,"1"
"1136",0.0484130140393972,-0.167454292066395,"0"
"1137",0.0889280680567026,-0.12032552738674,"0"
"1138",0.427986600669101,-0.204319157171994,"1"
"1139",0.140372697729617,0.351252203807235,"0"
"1140",-0.0124663657043129,0.0204866826534271,"0"
"1141",-0.246562167769298,-0.161589711206034,"1"
"1142",-0.368385497480631,0.18424611678347,"1"
"1143",-0.050335162319243,0.00746596301905811,"1"
"1144",0.289089967263862,-0.414181351894513,"0"
"1145",0.449743764009327,-0.00922527979128063,"1"
"1146",-0.138395483605564,0.0287476084195077,"1"
"1147",-0.193957141600549,-0.151622079312801,"1"
"1148",-0.132232106523588,0.041542612016201,"1"
"1149",-0.19794074492529,-0.469188161659986,"0"
"1150",-0.441553565906361,0.0530511611141264,"1"
"1151",0.410469694528729,0.451171746710315,"0"
"1152",-0.350908690830693,0.422304109670222,"0"
"1153",0.0348577965050936,-0.198712959419936,"0"
"1154",-0.157399329356849,0.0742679079994559,"1"
"1155",0.204598498530686,0.22838127380237,"0"
"1156",0.0360680662561208,0.0430245380848646,"0"
"1157",0.432174849323928,0.16785885556601,"1"
"1158",0.443759066751227,0.0364759678486735,"1"
"1159",0.309700370766222,-0.259514410980046,"1"
"1160",0.0656728693284094,0.00655625551007688,"1"
"1161",0.190012311097234,0.0537543082609773,"1"
"1162",-0.0864023107569665,-0.218283189227805,"0"
"1163",-0.0976828304119408,-0.465390326920897,"0"
"1164",-0.48802377213724,-0.263896442018449,"1"
"1165",-0.266931140329689,0.0665197905618697,"1"
"1166",-0.282062774058431,-0.150179560761899,"1"
"1167",0.308993576560169,0.106799250235781,"1"
"1168",0.0413259731139988,0.123493796447292,"0"
"1169",-0.276552895549685,0.214413891779259,"1"
"1170",-0.164214834338054,0.155930519336835,"1"
"1171",0.156496286625043,-0.188386617926881,"0"
"1172",0.196957609383389,0.308134394930676,"0"
"1173",-0.202547647058964,0.189493366749957,"1"
"1174",-0.103815109236166,-0.19251020019874,"0"
"1175",4.7590583562851e-06,-0.469270001165569,"0"
"1176",0.479932918678969,-0.125814070226625,"1"
"1177",0.293372325832024,0.396871534874663,"0"
"1178",0.253225459717214,0.158742890926078,"1"
"1179",0.106081025442109,-0.245639204280451,"0"
"1180",-0.208697956288233,0.441237875027582,"0"
"1181",-0.150992406066507,-0.0821077909786254,"1"
"1182",-0.135228246450424,-0.0531009575352073,"1"
"1183",-0.127318076323718,0.2196044921875,"0"
"1184",-0.371504376176745,0.499521841760725,"0"
"1185",0.45352219347842,-0.125868311384693,"1"
"1186",-0.384538962971419,-0.0660946578718722,"1"
"1187",-0.498016259400174,-0.362751220818609,"1"
"1188",-0.18268731655553,0.49309143028222,"0"
"1189",0.233074471820146,-0.40704169170931,"0"
"1190",-0.472336965380237,0.452449834672734,"1"
"1191",-0.486222078092396,0.481086807325482,"1"
"1192",-0.195816685445607,-0.474129808368161,"0"
"1193",-0.107454923214391,0.0782439527101815,"1"
"1194",0.366850457387045,0.0962599047925323,"1"
"1195",-0.321766886394471,0.130681275157258,"1"
"1196",-0.00350027368403971,0.0463601790834218,"0"
"1197",-0.120305282296613,0.191629265202209,"0"
"1198",-0.309345013694838,0.190569579135627,"1"
"1199",0.494402615120634,0.429498438956216,"1"
"1200",-0.471222921740264,-0.0382983989547938,"1"
"1201",0.473458071704954,-0.477556867524981,"0"
"1202",0.271742516895756,0.147099872818217,"1"
"1203",-0.00502000958658755,-0.111308179562911,"0"
"1204",-0.107393941376358,-0.366030445788056,"0"
"1205",-0.394694129936397,0.273224313044921,"1"
"1206",-0.143929434008896,-0.469021702185273,"0"
"1207",0.280769941862673,0.349609860684723,"0"
"1208",0.137963134329766,0.0242047132924199,"1"
"1209",0.289269734639674,0.367893284652382,"0"
"1210",0.307865056907758,-0.26206841156818,"1"
"1211",-0.433032352710143,-0.43595435237512,"0"
"1212",-0.0369585743173957,-0.103787820320576,"0"
"1213",0.221013686154038,-0.0816052437294275,"1"
"1214",0.174881997983903,-0.0680623222142458,"1"
"1215",-0.299729791004211,-0.152884484035894,"1"
"1216",-0.0833787601441145,-0.144564862828702,"0"
"1217",-0.280529969139025,0.254484853707254,"1"
"1218",-0.475537491263822,-0.257865211926401,"1"
"1219",-0.386582280276343,-0.334577770438045,"1"
"1220",-0.230596594745293,0.353390221018344,"0"
"1221",0.00750940060243011,-0.24269498907961,"0"
"1222",-0.131910469848663,-0.0948354152496904,"1"
"1223",-0.414239402627572,0.391120404936373,"1"
"1224",0.483760030241683,0.113454938633367,"1"
"1225",-0.476710529997945,0.312520277919248,"1"
"1226",0.128853515023366,0.157325760927051,"0"
"1227",-0.484465778805315,0.0736061120405793,"1"
"1228",-0.354536075145006,0.325137758161873,"1"
"1229",0.0267790348734707,0.197393767070025,"0"
"1230",0.0420799849089235,0.0696793717797846,"0"
"1231",0.305175351444632,0.103260353440419,"1"
"1232",0.103830588515848,0.0295652346685529,"1"
"1233",-0.28327111643739,0.112724745180458,"1"
"1234",0.122855652589351,-0.474042806774378,"0"
"1235",-0.210956260096282,-0.208325616782531,"1"
"1236",0.167111521586776,-0.0591618230100721,"1"
"1237",0.260201451601461,0.248191364342347,"1"
"1238",-0.193723340984434,0.415931152179837,"0"
"1239",0.0759596668649465,-0.39710656623356,"0"
"1240",-0.387437466066331,-0.357431959826499,"1"
"1241",0.44946393975988,-0.228584804804996,"1"
"1242",0.142815416213125,0.112184037221596,"1"
"1243",-0.0696711407508701,0.39208163251169,"0"
"1244",0.0464634192176163,0.402853560401127,"0"
"1245",-0.141498867888004,-0.44941407465376,"0"
"1246",-0.412577328504995,-0.373036519391462,"1"
"1247",0.48467480042018,-0.047801912529394,"1"
"1248",-0.480899861780927,-0.163527970435098,"1"
"1249",-0.0517456014640629,-0.215225472813472,"0"
"1250",-0.229253221768886,-0.432157613802701,"0"
