x,y,grupo
953.9225881,18.76861031,1
1012.165004,21.83595054,1
1162.089008,74.58971501,1
996.8877588,39.3873706,1
972.0843881,56.01104475,1
871.3048983,38.16538846,1
1121.35912,96.66457942,1
975.2010312,14.94978116,1
952.6371315,24.38279993,1
881.8010515,60.7880744,1
878.9103353,28.09532886,1
1141.073415,21.86192578,1
930.8454933,3.855374055,1
1099.594607,83.05953424,1
1076.739522,67.24509485,1
1050.70578,16.49483659,1
987.8893417,34.75231647,1
1093.252697,6.760629304,1
852.0280865,79.96630023,1
862.8835568,33.79275563,1
1043.934752,81.49928742,1
1045.304096,54.10125731,1
971.8664899,76.13342962,1
870.4948332,47.29311316,1
903.3510369,48.34148199,1
948.4549279,73.97330658,1
1116.651883,51.06437395,1
1104.524726,58.0367388,1
920.9335073,52.8436642,1
980.3104169,48.20717763,1
1066.112203,49.97067536,1
687.3662745,64.84904103,1
864.9926929,56.94618597,1
842.9321857,54.53107733,1
1187.019982,52.70612771,1
857.3721316,14.77196631,1
1053.714972,49.44084034,1
1004.861959,28.00530328,1
973.3978405,77.53377692,1
847.8835608,31.72830044,1
937.8546449,75.42499936,1
958.6690872,49.07082211,1
993.2990341,38.97560113,1
981.2203442,56.64652707,1
981.7618239,17.72761272,1
971.7116188,59.12415597,1
975.7292339,78.169939,1
870.3051599,57.57237288,1
1050.44401,29.52082418,1
1043.119821,54.094009,1
854.0263934,41.95101312,1
1030.14991,16.21929378,1
1030.64595,46.44236006,1
1037.341416,73.46027151,1
975.9064638,42.25086588,1
1090.953592,20.66993533,1
1071.861119,78.02465666,1
994.6163073,83.24812132,1
1215.305439,45.4653407,1
1095.805032,28.70437075,1
949.0709998,52.56943343,1
943.2377489,33.66400665,1
1150.02998,2.732225468,1
922.8238612,61.32902783,1
1015.553247,45.32797247,1
995.8478909,36.58461094,1
974.8163956,24.27923761,1
1111.917801,53.50680784,1
1055.630234,90.78778923,1
993.1909416,85.66248612,1
1103.097997,56.80730604,1
1026.418825,11.15304446,1
1026.323313,94.94454817,1
993.6205252,41.49162258,1
1020.635172,45.34041677,1
1042.485333,72.07428777,1
926.5669797,79.40410945,1
1035.357593,84.38392897,1
938.1552273,11.26581635,1
1048.858096,57.22819024,1
1073.06035,81.96990257,1
920.5638166,92.45501285,1
943.1564217,65.97084282,1
1077.85981,30.05854326,1
984.3153182,79.32358365,1
818.9408099,61.39715409,1
809.7185099,30.95555957,1
1233.700231,64.21282318,1
953.8103077,57.4319481,1
1054.721322,12.38865993,1
1042.45866,68.88556256,1
878.1267321,40.89597244,1
954.9185098,50.89071952,1
907.8634158,83.56705924,1
924.0777609,32.26344691,1
1017.004038,57.13080656,1
1041.160492,66.97485576,1
824.8322646,15.39157508,1
1059.316041,62.62964364,1
996.6242337,42.56858978,1
935.8352677,10.31730367,1
1027.60561,56.0949722,1
976.4807003,66.39302633,1
916.7133895,17.99631224,1
1039.588873,55.72002376,1
938.9267514,5.498459125,1
791.6341642,67.44841227,1
1072.977626,12.32422677,1
828.2736135,49.76128789,1
1028.753238,2.822736282,1
964.8340329,68.37772479,1
1074.049726,69.840285,1
896.7956013,25.35944307,1
1056.19158,30.00268529,1
1130.129764,22.82132452,1
1047.470544,68.78110879,1
935.310232,66.4589376,1
989.5484072,50.43168189,1
1070.518612,82.05818517,1
1226.549294,113.17249,1
1028.684556,55.65129813,1
1029.508055,106.273484,1
1141.146461,46.39443968,1
893.9883367,97.84857914,1
831.169607,38.1730579,1
973.1705053,57.10299354,1
941.3814442,40.678568,1
967.4548403,26.46157414,1
765.1417906,53.5839288,1
877.8535604,50.81253314,1
1211.049444,89.28522711,1
968.4043224,24.53775062,1
994.3482293,54.28654958,1
1142.860859,58.33014085,1
1115.524483,38.78475368,1
1057.096401,40.46539233,1
1040.96049,21.21975861,1
1019.347688,99.50867209,1
1064.727287,27.81992287,1
861.9857454,54.45742982,1
1100.19546,60.65913818,1
943.0729321,6.844364188,1
1148.162269,36.5640526,1
1066.790606,68.09334232,1
1082.305492,29.87787049,1
1044.627316,84.41504355,1
1153.702212,76.02497387,1
974.6601942,22.36454949,1
1046.102277,1.490648067,1
900.0040007,31.89026378,1
1005.739015,39.68000038,1
991.2274298,52.23656199,1
954.5218162,74.14228333,1
1145.654646,65.28966168,1
1161.88397,5.76045276,1
907.1094646,58.33764527,1
968.9325341,83.34166579,1
1100.902853,41.13550521,1
987.2320699,65.59319777,1
980.0664322,112.6893543,1
1062.565931,51.37760042,1
1108.018712,76.25229003,1
953.7579147,96.13996464,1
1165.814527,66.47396051,1
1070.031407,5.79153509,1
953.2643256,86.94815453,1
981.4086573,35.02971939,1
1091.597445,44.7913364,1
1101.841855,48.33074449,1
819.3658209,102.6135634,1
887.0900696,59.62278747,1
833.8884092,12.00555319,1
981.5713524,55.16729598,1
925.3863539,60.15670911,1
1114.435093,51.91819862,1
1142.898071,65.56611453,1
1166.338501,84.31718149,1
818.2746195,20.35084774,1
1007.292727,49.18307378,1
842.8795569,40.4160337,1
1055.75891,45.94295303,1
1128.723986,34.87927739,1
1024.912228,53.88287642,1
983.5380464,46.2849299,1
1037.593032,43.54513539,1
920.4882412,9.880467994,1
986.219907,30.91489156,1
1188.560945,3.312784062,1
906.5185522,69.18404918,1
1126.122751,43.21890575,1
858.5689219,59.7818181,1
984.3020846,36.09785453,1
968.4398139,83.76364651,1
1067.970067,26.73267325,1
948.486618,47.63470918,1
1124.719132,42.03358623,1
968.5353483,66.75981407,1
842.8195964,78.65269109,1
873.4058504,23.98267942,1
1214.420594,30.571507,1
1015.161489,35.99330541,1
1073.762745,11.33208799,1
1216.849378,70.73522904,1
968.4373073,33.5892343,1
1024.238861,30.70090248,1
1085.847628,41.94218918,1
831.1702613,66.92636714,1
909.182004,18.96538951,1
1152.012038,38.00284054,1
968.8334981,46.79001808,1
1113.073595,61.86934615,1
870.0935499,33.96782747,1
1063.68055,49.98783913,1
1024.075575,67.31672169,1
1215.752474,34.24728143,1
1191.951325,91.40280645,1
1089.449808,90.18711825,1
1081.882635,0.192034824,1
995.9152809,74.63219271,1
1068.377062,33.20304964,1
867.9700777,94.89017221,1
817.8663476,29.58222348,1
1153.499113,59.40238148,1
943.0467609,90.37304737,1
896.0711607,11.12591039,1
1103.367866,69.33558973,1
1040.828231,78.36399187,1
1140.024589,81.02240478,1
945.8601011,26.39924689,1
1071.742773,93.43010601,1
1009.116114,47.2907821,1
998.5912297,28.11706923,1
898.4448849,44.81634671,1
934.5262089,63.21586976,1
851.272615,68.32401054,1
1317.848928,88.59093625,1
844.6222926,14.17052738,1
884.5073547,80.87271227,1
1006.504232,74.44729276,1
925.0257882,48.81035511,1
1102.293686,49.87001571,1
1037.274671,59.37946475,1
1074.224514,52.3341209,1
992.3005291,25.43974674,1
1024.533936,37.75027201,1
974.6113127,109.9970367,1
1131.737938,27.42111113,1
889.5960534,17.62081434,1
1002.945109,35.77899632,1
916.5687145,54.24483114,1
1050.319581,24.49056144,1
790.2529328,31.75986224,1
990.551542,75.66260756,1
1101.454241,16.10427023,1
992.0599549,101.0717108,1
974.4871063,21.80282419,1
1078.095054,67.12311475,1
1120.741266,29.40822767,1
909.214734,85.98872439,1
859.6792154,45.97563409,1
992.861859,45.42046476,1
1104.73921,46.37421129,1
973.323218,46.98774344,1
1095.7952,47.11968132,1
901.7193903,73.60640037,1
918.9464718,86.0670884,1
771.8336046,25.78665061,1
1157.935272,64.27672687,1
902.7834565,7.461167702,1
897.1025284,84.39518287,1
939.5587542,59.12779012,1
1072.877075,73.56305322,1
954.9369268,74.52730451,1
973.0608783,52.60478825,1
1067.362163,58.41638897,1
938.3368309,84.9845837,1
1071.324714,86.04387406,1
971.8043838,65.85500353,1
1082.216413,64.33006776,1
886.9447556,30.23660647,1
926.9948453,64.23246972,1
1109.575807,34.03506772,1
1188.730666,33.92256053,1
912.5819435,16.84770494,1
1145.835744,70.6912729,1
1225.969585,96.43601837,1
850.470562,68.53691136,1
913.7985981,54.24621013,1
975.6121637,94.24058569,1
1144.497398,48.8672234,1
1000.814683,58.7426988,1
952.685795,48.18691667,1
1108.093861,44.86041391,1
866.0479195,86.83882146,1
994.8658223,72.31768815,1
1031.776556,98.28387479,1
1133.818633,47.20882331,1
991.020283,73.62061365,1
966.3999925,74.7677162,1
997.1918858,48.6628611,1
1052.908031,11.64611487,1
1122.430795,23.63501618,1
1075.58424,72.00835199,1
953.4213098,25.67639838,1
823.3678945,49.94912035,1
1002.52991,55.38728779,1
1022.25796,65.58488623,1
858.1381985,30.7748661,1
975.4918373,60.72587998,1
953.2028602,5.002406804,1
1115.330993,49.86398334,1
1056.929053,78.77425629,1
1081.312355,35.85552089,1
1144.241387,51.21699569,1
1100.217152,33.76467026,1
801.1739859,64.43573153,1
1036.355022,50.36320239,1
929.3373813,97.4821119,1
1032.706027,29.98558597,1
1183.021269,50.42033423,1
945.3859431,70.8328011,1
1019.545468,11.93548329,1
1072.50232,35.53121707,1
1023.098852,76.34400494,1
961.845879,105.6894632,1
1024.826324,38.74732501,1
931.4792767,38.10865532,1
892.4205475,39.75790094,1
866.394158,31.02779824,1
1092.018909,37.66071798,1
1011.06537,68.52666908,1
932.7382687,14.06662397,1
1021.861626,63.47390851,1
1012.551345,32.71019557,1
1162.975641,26.10779175,1
1059.587256,42.3438095,1
1236.202282,39.85203519,1
1057.440841,51.29470486,1
1168.771651,99.60928656,1
956.9631731,35.2140522,1
874.570774,112.7588065,1
827.1487548,28.87604756,1
1142.154567,67.90724259,1
1172.380538,20.72787907,1
1023.316832,51.96931542,1
927.2998982,85.31714758,1
1040.226495,0.500877514,1
1058.596178,53.03603341,1
945.562582,21.68356706,1
890.9050333,87.57629213,1
924.6362697,79.7306854,1
1057.009792,36.01697664,1
921.0780722,26.3274865,1
919.6924176,88.93478537,1
893.6007228,80.38795252,1
936.2860397,81.13836987,1
1110.721245,28.28489084,1
979.076985,77.4018348,1
963.6466085,20.05037843,1
981.8350692,55.79402086,1
1048.043038,1.623226072,1
899.6829489,31.01093992,1
1053.427933,28.95666613,1
1018.290891,75.60938888,1
991.8647469,73.88412319,1
1013.841636,60.40057436,1
1058.889905,62.04537619,1
892.605902,15.20780201,1
1045.762679,72.77136593,1
1005.431101,40.05613293,1
1015.847019,63.06231806,1
918.6657067,83.48746147,1
1003.569847,3.098692707,1
1096.158272,30.49682345,1
854.23902,51.13057742,1
922.1374752,66.96842583,1
869.3371673,39.95494872,1
886.2525603,37.53349716,1
934.2330526,5.627529597,1
987.6362511,45.21176247,1
941.0529328,63.24361884,1
1031.586647,51.65132261,1
951.8148706,76.45446944,1
1020.359631,68.91443341,1
931.6917252,53.23496677,1
862.4721428,93.70108397,1
1195.533589,42.29077343,1
1097.087547,48.67256105,1
937.1272617,58.65320351,1
809.3155326,5.246506627,1
1043.02797,52.27309361,1
1104.751074,78.15777663,1
1090.757767,48.11223356,1
997.4222896,56.45421502,1
989.5842028,49.33134273,1
927.5470876,73.34754191,1
837.7097622,33.85203254,1
963.7458676,42.54546315,1
1036.316134,45.11080887,1
968.7330138,41.82955498,1
928.1540412,49.46640592,1
1001.847632,37.87384475,1
1156.087857,79.76802253,1
1035.897073,41.34819766,1
1039.092508,28.41873946,1
926.3911915,10.37349192,1
935.6874812,51.35954615,1
902.2235143,68.87679399,1
807.5206813,64.90279327,1
857.5025073,74.50947372,1
1076.059691,89.95900197,1
973.7360752,38.37628679,1
997.5037828,37.90756986,1
1146.739797,29.12861427,1
1095.547584,81.97940747,1
833.5552976,12.64902222,1
1139.007003,57.76747476,1
954.6404984,42.59297248,1
897.342844,37.45089544,1
1305.834396,42.4462558,1
781.9741136,39.42862234,1
1015.477303,55.36873229,1
1067.677697,53.3306431,1
897.2936209,31.13895431,1
1028.271686,47.82882654,1
830.6842952,75.40129936,1
1037.197278,28.44849523,1
1133.643652,48.02425525,1
970.2558484,78.32325132,1
975.5278631,45.61543932,1
958.6362321,62.50961434,1
1060.737647,75.4129301,1
1069.685905,63.25436027,1
958.8665669,52.74955822,1
785.2502273,88.36580112,1
1140.632627,69.22769132,1
1106.877314,78.82948887,1
1014.838359,3.718253037,1
943.5960466,2.757903638,1
765.3860716,33.46615084,1
863.5801031,22.7173332,1
1095.699807,0.321459654,1
823.2260157,39.39965085,1
1022.432051,98.6675386,1
1078.07715,61.65704216,1
1061.702229,44.07184709,1
1184.852941,82.74505487,1
941.6049468,52.63274409,1
983.7672747,83.22023668,1
1052.277818,19.5609969,1
1117.314879,27.59826451,1
948.7071445,54.88166028,1
999.9862429,9.254103232,1
936.0872675,27.73717424,1
1017.849715,56.17862662,1
1049.745822,57.0489557,1
983.660713,32.31435261,1
1041.479437,37.57563767,1
942.2627215,31.45888247,1
795.3325552,69.28374686,1
845.1412869,64.94305461,1
1179.963147,44.98455102,1
1130.944018,48.27201389,1
829.7137364,78.42504258,1
1083.61867,68.61823588,1
1067.959515,9.518822768,1
965.2152803,34.26357687,1
919.0632782,76.44710905,1
892.1676075,0.711209127,1
1053.426779,46.43627877,1
769.5899457,88.4499281,1
1078.397758,75.24324027,1
919.5525324,75.78469478,1
1103.579906,4.02616238,1
1159.083321,47.97712678,1
927.1559372,24.12460981,1
1073.430495,26.26069409,1
1015.436695,72.37203245,1
867.5419474,61.81274377,1
961.3665016,35.9617369,1
894.434419,54.31346842,1
995.7137169,67.41558755,1
1126.843174,60.62907644,1
994.6459854,81.34611407,1
993.8299308,37.07845159,1
1036.71526,44.21662325,1
1109.537211,81.66989686,1
857.0223447,41.96878249,1
949.5008442,68.09636267,1
776.8805564,84.95684537,1
1078.612621,54.50343332,1
893.2348121,69.03300028,1
936.2061312,109.4356846,1
1158.507215,44.66507302,1
855.6107387,49.67713902,1
917.7658257,26.98518705,1
964.4771179,68.22861251,1
945.9596638,9.068372411,1
973.3694569,44.86203615,1
1017.21901,62.17982214,1
1069.978356,22.3833173,1
1072.189931,75.17515452,1
741.484053,43.29704862,1
991.3471477,42.05951481,1
964.0687143,59.72529282,1
897.6446574,82.90102908,1
957.3752172,53.15295683,1
1075.280313,5.244144393,1
1087.63146,34.96743536,1
1007.715364,53.75787275,1
894.2785422,58.12359516,1
974.0824464,39.6278704,1
1009.737807,80.46070791,1
984.7119998,29.5331858,1
945.3380763,48.41421315,1
1056.574995,3.438170018,1
1227.135738,79.08112914,1
919.2117149,28.17955525,1
1275.113514,35.62225108,1
957.1784267,37.7153712,1
951.1746646,4.959695147,1
939.3043589,60.6174604,1
1072.696545,21.27695549,1
768.9481655,42.04702364,1
1000.887155,60.18850216,1
921.8883742,66.28715573,1
1176.929571,54.51413528,1
1024.472667,66.48659712,1
913.7621486,82.01961693,1
962.0349932,48.28982059,1
1006.093648,52.94660269,1
921.1698484,75.85909819,1
947.3391045,34.31969166,1
1066.748383,52.45959843,1
1112.038059,69.5918852,1
1122.434882,51.52136713,1
1157.004433,48.02612508,1
1026.034498,91.16931426,1
1155.197248,6.562158954,1
750.1121187,62.84568988,1
1312.877177,19.71475188,1
988.4830699,28.06795354,1
1191.544923,55.4246545,1
1094.610854,63.65294222,1
1069.183822,47.45969214,1
1110.547715,45.99777592,1
1119.818202,30.79221588,1
1064.948703,50.43484731,1
1092.019966,46.10110244,1
797.9519955,82.61789664,1
1107.120435,26.68475302,1
824.6260737,80.95133297,1
1027.568156,10.12833095,1
1131.642206,52.34364293,1
1117.014776,59.10073961,1
945.8245293,68.06702415,1
1068.341074,18.69176621,1
1007.901481,36.12542298,1
1019.15513,56.5799434,1
1015.989002,71.59355455,1
979.3244833,54.99152609,1
1127.803067,1.813321206,1
1021.721568,46.2154239,1
1086.191177,7.806379449,1
1010.176769,63.57048435,1
922.3100104,35.54707485,1
1085.925338,54.99064653,1
807.7915009,94.99778578,1
1031.846764,35.92349069,1
1048.225598,74.50748477,1
1181.061384,28.91382464,1
1080.520086,4.604043341,1
997.3095364,54.26330778,1
892.2119551,46.99063382,1
961.8733065,43.94378957,1
921.3765613,85.32199921,1
1230.961622,7.540807769,1
752.0106821,12.3184359,1
1033.716934,85.37264919,1
1204.77012,92.18015478,1
1065.786441,52.73532058,1
974.0952193,49.80738569,1
938.6585439,11.55992559,1
868.4656261,65.05605779,1
1067.93352,52.55712908,1
965.378443,50.73459673,1
974.1943962,42.3014817,1
1277.824543,70.67351741,1
945.135423,48.60794286,1
975.4052196,6.546092799,1
733.8550359,8.903140064,1
992.6583658,46.37019858,1
1059.324994,92.93227537,1
904.26439,79.21628455,1
1140.229911,31.08396876,1
1108.168141,83.90496476,1
841.5596687,52.781182,1
884.5145279,75.73978256,1
1098.190375,93.51374259,1
993.4653131,85.85929968,1
1086.046947,29.81285339,1
954.5692691,56.13512166,1
849.4128449,28.42068714,1
1032.335287,21.45087068,1
845.1171006,14.49721954,1
1042.580852,11.18806637,1
1152.254102,1.767673045,1
1030.392731,32.06786438,1
1036.968915,102.5483887,1
1055.724724,14.78819973,1
907.3503195,54.17525051,1
1104.103947,85.11447007,1
1211.506554,75.07528601,1
868.8460444,36.71704906,1
1030.175957,41.34238532,1
1092.444863,63.09022625,1
1157.723722,84.69867497,1
1001.483857,43.07140454,1
1122.303345,52.41265161,1
788.2425681,23.9793391,1
1120.696522,21.06074804,1
1066.23524,94.44767852,1
995.5737015,78.53150098,1
974.1055161,14.85174161,1
1068.658985,24.35299059,1
1123.244829,65.28754118,1
896.5430204,46.79093116,1
966.7459389,38.46819101,1
984.6580396,60.43599342,1
1032.433954,58.00617969,1
1087.346793,40.03151227,1
892.108344,32.01132619,1
1161.169992,55.48242217,1
1040.548549,55.55234946,1
985.6921552,77.81264485,1
1114.082772,49.29201421,1
1100.53005,48.03049297,1
991.6035594,55.97747743,1
1133.488561,39.65126028,1
1000.203985,49.75675183,1
918.0832119,54.15168153,1
1093.127314,71.42397875,1
1018.584548,54.71332703,1
868.8117201,80.52928151,1
1106.56914,41.44970721,1
996.5592399,10.00604278,1
1101.782346,44.71613368,1
831.8734762,35.41391799,1
993.2212818,78.96540508,1
907.988011,64.98253665,1
907.6165979,38.34233613,1
1199.971934,29.88575629,1
1115.467614,71.51923181,1
799.1511363,50.36826124,1
1058.398115,78.65844207,1
842.1179798,39.9122662,1
958.0715234,47.72036113,1
1070.538357,67.45697097,1
984.3606072,23.25677328,1
1012.903983,32.67344165,1
1157.954637,44.52393816,1
1128.674592,50.03491672,1
948.8911206,73.35191831,1
1026.215313,18.0305109,1
1086.516198,45.07464147,1
908.1529612,71.81723509,1
921.7820813,64.52756696,1
850.8667814,12.56390535,1
1102.29434,31.33699195,1
1059.389055,68.09430977,1
949.6211517,15.4124377,1
1022.444284,55.19624533,1
959.4765908,56.69619902,1
1105.827154,104.0208324,1
1011.778095,21.59523764,1
1011.520033,95.67540955,1
992.6505286,47.24630819,1
1121.336847,81.90887624,1
963.8058671,77.94754044,1
1073.471075,36.73423211,1
1059.372909,65.52352997,1
1135.19311,61.6106856,1
847.0114226,42.03309799,1
1102.282416,50.85851605,1
962.8687325,46.58526487,1
943.6581423,47.87822182,1
1048.126815,14.38756942,1
877.3451545,59.97989601,1
1025.258986,58.6411893,1
1020.293409,28.7880699,1
872.0431223,68.22348738,1
993.1237342,24.0888384,1
932.6320124,40.90072236,1
1016.076111,21.11944742,1
918.8378395,47.21034896,1
938.5195317,77.02619435,1
1001.61009,17.8659274,1
833.5819606,46.99658783,1
1051.875352,16.94311686,1
943.0196979,68.12259877,1
1091.309656,52.73202088,1
811.5601587,64.84463737,1
929.0430544,67.9322028,1
1009.799388,43.1765013,1
1137.924946,26.19587031,1
966.7473727,43.32475167,1
1059.122179,30.75055836,1
1074.46651,68.66355705,1
1063.798736,55.60992482,1
1046.792852,75.05166259,1
1152.227352,95.02524711,1
1219.13853,55.1776673,1
1075.64612,56.48871688,1
1104.849164,85.22931406,1
1022.017199,19.94991116,1
986.0649104,58.02451204,1
1034.180471,98.14836653,1
1196.420875,58.04987051,1
1006.07169,27.27736529,1
1057.447045,133.0252308,1
786.1648402,32.55056014,1
1198.061358,78.55259588,1
1072.641845,62.65462337,1
1092.797238,53.1637695,1
955.597228,31.85202396,1
1094.492604,79.87856248,1
893.8671396,49.41583747,1
1063.080486,49.58335568,1
991.9189914,33.59269025,1
1140.582233,93.61263168,1
1064.661331,56.91893574,1
1013.125521,7.443429012,1
952.0063338,53.9981883,1
859.275769,26.69027431,1
974.5030349,43.3300103,1
1024.20729,39.09104875,1
1088.649238,1.051032968,1
1167.014263,65.19639981,1
890.3504562,59.39012678,1
1005.360498,45.31882636,1
847.9283012,48.57305666,1
1212.721081,83.52252287,1
735.243428,54.2312326,1
961.6346662,40.04037954,1
927.8089952,75.55429975,1
971.3365696,85.37192563,1
967.6945706,34.01822324,1
918.3554237,18.25988367,1
1010.779337,83.80876052,1
1087.325372,75.46506621,1
1004.467189,36.62896106,1
1056.829129,27.21182992,1
938.5775069,63.47719038,1
1056.752086,12.53665971,1
1018.072176,98.82436923,1
672.5274218,35.28919123,1
764.9296168,34.01370226,1
799.7288799,56.63155231,1
1097.468286,92.7044735,1
1023.300333,31.07315463,1
1122.41431,59.3633995,1
925.2330657,3.556111773,1
1080.350123,49.45084623,1
1158.34349,53.36571756,1
860.7380897,34.36139239,1
886.0880889,33.43644166,1
843.5398232,71.05594781,1
887.2518804,17.99902233,1
1167.989988,8.85569002,1
799.5708416,53.91531724,1
1036.451159,64.79387881,1
792.4342057,53.92237722,1
1039.01969,47.29044609,1
883.0553968,65.85856328,1
999.0361973,66.97769832,1
1014.542092,98.19047458,1
1119.638394,48.1450636,1
895.9705175,48.31688919,1
991.9197043,34.60160293,1
941.1414251,41.11645207,1
978.4001445,82.2020425,1
1008.362801,61.55307704,1
751.8156795,40.1280756,1
1009.52901,47.95397373,1
1161.216219,20.0837615,1
1023.896119,65.73404966,1
1083.970439,102.7704445,1
891.5380931,69.17602458,1
884.7370482,45.60566465,1
795.3729322,38.18166354,1
793.0890434,59.32969504,1
1067.68364,73.92250555,1
867.2063854,50.75195881,1
1045.411991,40.30991413,1
1068.502055,70.49370416,1
882.9016202,96.39592289,1
917.8859967,36.77649206,1
873.5203774,81.11236502,1
895.0827281,72.55375852,1
1029.275435,63.8491315,1
995.1523444,32.16538896,1
1159.323666,48.64841979,1
1070.916726,89.28112628,1
1136.70447,33.7719436,1
936.2791121,34.45025229,1
1072.649875,50.57675057,1
927.8243403,100.1376357,1
876.6869411,17.00385794,1
1037.850779,81.35062464,1
849.7316233,53.86111844,1
957.1966499,22.34009674,1
1063.997036,70.21275124,1
974.5854232,39.17351493,1
1054.48458,64.0787148,1
841.0583479,43.10305855,1
1107.253166,75.77255754,1
1079.06845,42.64560748,1
992.7896518,69.40583705,1
888.5342603,75.52305957,1
982.963058,51.52469883,1
985.0301221,27.37361878,1
965.163442,59.56588037,1
839.5158764,50.97862131,1
1107.951284,105.7879189,1
1048.352992,97.43158536,1
1054.835851,39.0095064,1
894.1245953,52.35244946,1
1040.808988,48.48221329,1
972.4880735,53.33425765,1
953.8815318,45.00348584,1
999.1334119,64.886738,1
824.3528855,40.39090239,1
883.5584581,84.04027875,1
1093.320708,73.1889085,1
925.4311324,37.69951795,1
990.4021702,42.63285268,1
1014.779443,111.2463178,1
1062.949618,43.17048074,1
917.9290444,4.898276502,1
1016.013619,74.06013214,1
961.5299605,15.18331278,1
1133.891857,52.77574575,1
965.3847673,56.8116064,1
1002.284596,83.27623239,1
825.5101381,37.65934772,1
1010.588416,55.07105993,1
822.0669182,42.22474028,1
1136.108113,72.16551829,1
1105.206048,29.86518023,1
1115.452323,82.95803139,1
908.8261595,54.15029836,1
887.9907693,79.59693443,1
1174.863925,31.6314597,1
948.1783716,48.60312319,1
766.7668934,53.79155281,1
943.5289753,49.58848248,1
1010.785997,67.35845397,1
990.7526968,46.4745437,1
1084.176665,53.99885426,1
847.1523694,75.62592288,1
901.6292337,60.30892963,1
1010.260861,63.63238336,1
1163.078783,45.19892482,1
1038.179679,18.98215263,1
942.5726741,78.65628609,1
1012.010326,6.177711154,1
1048.699917,39.62208304,1
951.8028719,22.64258306,1
1087.043105,53.4265591,1
1087.980389,74.3356443,1
1137.459853,48.72041701,1
937.8395792,70.44996861,1
1028.081544,71.33037626,1
858.7957458,49.06275896,1
1261.439763,63.74752967,1
897.8852644,70.16391198,1
1090.654978,53.1557222,1
973.4242978,46.01493636,1
962.5339939,49.87845566,1
927.5851988,37.33907928,1
1026.096835,75.53100778,1
1091.160925,42.59397944,1
944.1627646,93.28181334,1
812.6906894,18.9241873,1
989.2781131,30.72921333,1
916.8336255,45.90711764,1
1030.37602,39.29954793,1
1005.75338,32.83640109,1
885.5854749,78.29481857,1
881.27786,35.26161879,1
1009.949443,65.4380717,1
1172.672857,43.29734541,1
1149.284392,68.46469787,1
919.9450957,30.9494146,1
883.5263973,52.24755885,1
962.345531,70.00727351,1
920.5792117,38.68770883,1
844.917282,73.52922389,1
943.4455924,53.55084713,1
1058.375853,43.19515108,1
810.8780829,2.136494819,1
1028.051101,77.96004904,1
999.8781571,16.63377079,1
793.7392115,67.20323614,1
1055.979321,90.52898877,1
907.4294774,28.57978337,1
792.3595139,22.69603554,1
1107.273407,20.13955025,1
916.4758746,81.62838642,1
1216.243135,54.21482308,1
939.3571975,42.62624247,1
930.4984342,51.20111567,1
1113.961922,33.52689442,1
1021.586798,58.02617527,1
1008.607994,21.16861592,1
1006.444786,74.91803961,1
1038.581999,24.94716055,1
892.2123207,72.76934061,1
968.1684773,37.91349779,1
1030.539447,40.56060875,1
1019.016393,17.86011665,1
962.6521192,31.47568279,1
997.1250218,48.90543566,1
898.1099837,36.73789048,1
1018.016149,23.85175733,1
1196.471318,70.30181833,1
992.8291086,75.25706163,1
990.5638566,1.822181982,1
1025.138387,79.09337491,1
1056.176621,31.80874756,1
796.6951105,56.57863054,1
849.4010765,85.24992277,1
852.6133522,84.36997124,1
1066.974159,44.95256821,1
1115.299647,43.51164117,1
1123.298071,59.88287854,1
1034.936012,19.50801622,1
762.8577072,80.79338491,1
999.9733116,72.30166007,1
883.9617396,37.88843337,1
1098.915153,54.71346176,1
1143.576889,11.81358179,1
1012.265357,74.14240663,1
875.2698252,13.99797856,1
924.4989216,48.87928018,1
910.0256188,49.78698047,1
1136.692752,15.60743849,1
983.5079579,29.96058104,1
1078.327586,59.30918834,1
1112.254507,53.81628181,1
1056.293881,52.86274347,1
957.9989547,55.24741484,1
935.2921047,29.37131924,1
1007.51837,102.5909564,1
1194.562908,82.9636476,1
905.2298211,117.3546505,1
1231.904022,71.96238172,1
999.0352108,70.44503813,1
885.8881492,60.3379024,1
971.18911,48.01244343,1
986.7014831,67.52850901,1
1084.548535,68.77368659,1
1036.98501,99.65522129,1
973.9063351,80.68058259,1
987.6941848,34.56715117,1
1016.971336,65.36987765,1
1078.92568,52.04304729,1
1196.865214,60.30262106,1
934.4966887,31.22097081,1
1042.135246,125.0462797,1
1056.24817,49.86981217,1
939.3520511,17.5767208,1
1139.139341,45.1536376,1
962.7369261,50.85225085,1
1032.848117,8.109699361,1
1089.92673,27.52146155,1
1124.66839,9.48396945,1
1153.657622,53.44333476,1
1046.110341,43.81016944,1
1031.464686,39.37041363,1
768.9891832,55.30605251,1
1167.469877,86.38837385,1
1108.411744,32.6748488,1
1105.686574,57.67481362,1
1017.214238,118.4043125,1
1010.827099,43.24816413,1
1020.06718,24.50219437,1
918.9142217,24.09425171,1
1127.374872,61.71959883,1
1111.001434,35.62721885,1
971.9018999,91.93718801,1
961.9737449,27.54079962,1
980.3521899,25.17436771,1
1140.448063,14.68015274,1
966.4456213,59.10453608,1
987.792033,66.10362147,1
915.4630315,46.93569078,1
960.6654962,23.39512062,1
1111.970876,39.61523668,1
965.8102326,27.79383737,1
2015.252163,206.0067717,2
2202.587693,196.1355906,2
1759.042712,181.0833356,2
1833.428541,295.1731676,2
2246.199524,185.6642275,2
2113.915159,294.3750007,2
2177.601531,142.1015296,2
2498.742153,222.2814849,2
2142.303435,186.7245794,2
1962.169197,242.5894804,2
1882.451338,318.1520774,2
1982.082791,207.570505,2
2183.152605,223.766201,2
2111.039194,198.0440732,2
1897.628977,254.5051711,2
2078.221466,239.8062881,2
1683.182315,154.1161471,2
1951.493652,95.38505401,2
1973.248189,164.7642143,2
2192.773896,255.9212411,2
1567.394415,214.7684106,2
2089.745039,303.7458345,2
1940.656571,200.2388857,2
1643.003224,145.9441715,2
1935.892854,132.4507344,2
2076.378517,314.3433866,2
1772.625762,200.0894766,2
2217.660914,158.9277758,2
1902.411461,305.7825636,2
1999.223963,130.4545511,2
1852.780503,144.6612368,2
1830.9662,218.9913453,2
1991.323769,271.1155663,2
1791.147975,217.4871715,2
2034.083184,315.5221234,2
2122.336296,132.2050763,2
1971.96125,221.5268029,2
2341.271979,279.9863214,2
2077.203517,200.7669111,2
1701.205954,237.9651217,2
1848.961089,121.1878133,2
1561.081174,183.0867412,2
2166.1981,209.734507,2
1981.381851,161.0328576,2
1951.043557,185.8405555,2
1668.375385,123.1767677,2
1858.496563,178.8436886,2
2217.983704,184.1631477,2
2046.911395,270.8261371,2
1804.654404,188.3046768,2
1755.103338,180.4178356,2
2109.29713,201.986762,2
1825.201168,234.883541,2
1994.157371,192.1021412,2
1888.710491,186.8681913,2
2066.626898,236.6787298,2
1768.977983,191.7602004,2
2168.121909,209.0075392,2
2222.814469,183.1363019,2
2117.015301,105.6609267,2
2372.48229,207.5567392,2
2053.23071,132.3174492,2
1506.457523,156.3269197,2
2059.67409,165.3164606,2
2122.899558,165.4610198,2
1965.886497,156.0964611,2
2174.164356,134.0517413,2
2140.053523,160.460241,2
2040.46708,250.2883799,2
1380.267094,191.9743968,2
1987.023005,176.0409473,2
1661.853311,285.3876865,2
2090.242912,165.2018523,2
1831.660986,162.7971091,2
1895.667274,147.9642897,2
2169.146857,208.6689641,2
2141.003283,165.0870822,2
1695.590235,150.7815768,2
2087.012917,166.6499982,2
2086.483387,175.7477363,2
1997.357739,228.0691326,2
2158.509405,106.2804887,2
1641.931325,193.3241784,2
2393.433141,161.5888611,2
1992.650569,224.035306,2
2445.712026,242.0016612,2
1684.927179,183.9487128,2
2066.761855,146.1685131,2
1729.380499,216.2200841,2
1955.670096,183.113633,2
2397.001327,172.3827578,2
2094.092673,196.2907933,2
1925.42288,124.0508012,2
1571.708488,253.2289183,2
1881.814228,178.9101886,2
2005.825613,263.0165494,2
2112.788114,201.4523702,2
2195.079737,249.4147959,2
1720.969962,196.5060085,2
1889.703978,218.1687885,2
1933.474268,173.8263559,2
1973.9887,232.5781216,2
2093.486785,270.1721142,2
1908.947792,240.5651866,2
1618.400527,214.0786393,2
2053.60324,238.5023749,2
2594.600658,232.5675489,2
1756.839237,197.3186985,2
1592.497031,190.9667754,2
1725.956485,194.8084765,2
2277.024639,175.418254,2
1827.478367,208.2333779,2
1752.928475,149.8505908,2
2074.379329,117.7087958,2
2065.133029,150.2437641,2
1993.681913,203.3187331,2
2187.65384,279.700933,2
2357.682712,194.0664637,2
2201.191053,132.0205362,2
2344.502692,183.3215274,2
1642.06401,239.9003564,2
1780.068892,187.8453794,2
2043.58893,149.7989021,2
1647.534651,185.7771621,2
2050.869917,247.8551951,2
1857.75856,239.3252347,2
1961.279655,311.1873364,2
2540.487893,157.3844308,2
2255.745667,213.1041079,2
1798.494387,231.805869,2
2136.795216,213.0823503,2
1783.079543,185.4225159,2
2351.064806,275.0352146,2
2139.872205,212.0607457,2
1942.645138,157.4620666,2
1971.564061,188.0744943,2
1759.20509,231.1836816,2
1843.540114,223.4267508,2
1784.007547,249.2969869,2
1958.729061,181.67524,2
2188.135032,269.2350035,2
1989.702365,160.3739476,2
2150.352485,202.2894373,2
1737.010346,151.8759131,2
2015.772114,237.6059404,2
2155.925692,236.9775257,2
2094.706612,246.2940853,2
1761.016085,198.2749458,2
1936.697733,263.0651762,2
2220.391552,105.670859,2
2109.710394,177.8214386,2
1995.216059,245.1231864,2
2171.063716,180.8493993,2
2207.151129,192.4352132,2
1955.879565,191.9476333,2
2136.65381,291.0860433,2
2307.896706,264.3000316,2
2013.000627,225.6375154,2
2193.166476,189.054622,2
1929.938471,180.2870902,2
1905.584201,272.9391631,2
1718.153791,141.8316178,2
2077.903744,237.8619871,2
1826.309171,156.2908063,2
1831.447738,183.0157406,2
1938.235116,180.9067184,2
1788.406617,179.4646635,2
2035.402823,194.7763897,2
2040.095718,269.6853096,2
2014.600708,248.0375434,2
1661.610595,235.9324969,2
2186.571069,168.562624,2
1973.907736,260.6021465,2
1956.408755,195.8602992,2
1569.909698,179.4433398,2
1679.95791,241.780793,2
2109.917232,221.0042186,2
2201.616497,160.1183304,2
2115.165966,134.9291481,2
2237.001052,295.2243873,2
1788.091404,220.0104489,2
1836.165091,168.7341091,2
1981.222249,149.4273046,2
1647.476653,172.1490828,2
2083.579352,103.700535,2
1588.620056,191.4317186,2
1977.588926,144.7310651,2
1918.994699,101.3137328,2
2206.536969,144.6220459,2
2025.430027,254.8292037,2
2123.981286,206.6173892,2
1925.6619,188.3520702,2
1905.948733,102.5834082,2
1779.464121,216.2392719,2
2310.396438,241.9022528,2
1920.546343,183.2936042,2
2009.85971,174.4323964,2
1810.912438,152.3070104,2
1871.48096,259.9929243,2
2021.178542,197.0969961,2
2167.988455,145.6454184,2
1942.469627,36.83401569,2
2338.635831,201.2485102,2
2250.147484,163.7475713,2
2099.702276,133.5446939,2
2126.383351,211.9487936,2
1887.21406,232.2691654,2
1930.203923,150.3761552,2
2506.415874,252.9941065,2
1989.381418,183.6575828,2
2108.504743,177.1391338,2
2082.616869,161.5257848,2
1822.620521,181.7499221,2
2076.454683,217.8871372,2
2111.129952,175.2452409,2
2021.408621,316.6571048,2
2088.233837,274.0664932,2
1797.083193,185.0731738,2
1960.065637,215.3699852,2
2049.995577,177.8680255,2
1962.23154,172.4888808,2
2162.527873,193.4652393,2
2217.927752,126.3858654,2
2063.682036,263.8717516,2
1986.945237,156.121328,2
2369.94004,234.2607755,2
2150.372943,197.8572715,2
2182.307608,280.7249717,2
1956.522016,245.3025695,2
1832.363304,172.7109284,2
2038.356148,126.4297704,2
1966.087245,194.9262136,2
1921.679906,246.2611497,2
1809.156822,173.8027818,2
2056.118146,169.1617078,2
1693.126212,285.8035318,2
1853.935048,277.8490566,2
1942.178564,300.7447473,2
1941.531661,261.6726345,2
1953.499076,207.183373,2
1760.568197,246.4036771,2
2134.839106,178.5019056,2
1923.614522,129.3899211,2
1819.751123,107.550538,2
2117.796642,160.0563472,2
2097.322044,226.329144,2
2263.259178,251.2246381,2
2069.762677,108.5884361,2
2138.166411,192.390162,2
1783.146233,176.1912913,2
2232.876203,250.1299235,2
1914.420415,209.6720986,2
1994.307246,184.5374218,2
2262.219526,278.1921574,2
2094.805764,193.1221297,2
2127.485096,161.5825379,2
2457.485987,199.9956844,2
1826.813776,122.9536802,2
1896.784569,195.2768312,2
1968.5668,149.1969202,2
2017.917863,202.2777193,2
1957.296612,313.7571527,2
1720.842733,207.7661369,2
1971.352482,165.4457393,2
2144.543776,203.0328287,2
1930.375768,252.5279101,2
1883.953109,147.345121,2
2054.987738,173.4469847,2
2063.147393,242.9863963,2
2270.783839,266.3539143,2
1836.040347,238.8832893,2
1593.92399,190.2053437,2
1878.802313,220.6257595,2
1801.805365,260.8762099,2
1953.404371,130.5372772,2
2086.466398,250.4201191,2
2029.383175,153.3903286,2
1533.622433,122.9471575,2
2283.4505,213.1639509,2
2206.010956,141.9775659,2
1755.593258,203.9354256,2
2041.113993,256.3393901,2
1776.089956,299.2393339,2
2235.620142,168.980648,2
1976.826459,219.9852025,2
1944.861046,208.2680974,2
1864.595209,71.80516557,2
2378.457146,233.1657509,2
1610.844384,250.1164968,2
2702.971586,155.8439197,2
2036.382292,164.6089635,2
2067.008562,218.9899465,2
2217.571996,217.816937,2
1962.78828,211.6638713,2
2108.925469,259.9976207,2
1992.889131,207.3770611,2
2228.827766,100.2735446,2
1981.304778,237.6158855,2
2282.981665,177.5248927,2
2118.757965,202.4121083,2
1816.615252,272.8034138,2
2107.184846,210.3684935,2
2060.882363,110.8058122,2
2132.922909,209.5197429,2
1969.991246,241.9142126,2
2031.463893,191.6044888,2
1925.547504,140.6734682,2
2043.641203,203.6318204,2
1796.940197,245.6006667,2
2216.301144,214.9603811,2
2070.551522,158.208762,2
1781.182448,261.6548851,2
2443.935147,291.5706076,2
2183.008997,218.2002611,2
2174.83895,171.2635457,2
1942.687536,159.6035642,2
2124.763834,276.3242252,2
2035.657586,261.9522622,2
1832.600407,262.679126,2
2284.998354,198.1925224,2
2087.04842,183.1442289,2
1707.542626,182.2938542,2
2331.970555,141.9775315,2
2139.959242,202.8539313,2
2040.398827,246.3442645,2
1795.208072,182.0999442,2
2175.442543,196.2057842,2
2347.808553,165.884276,2
1947.781965,214.0164672,2
2062.333152,280.8954412,2
1716.065949,167.6759182,2
2373.694091,142.7142071,2
1969.643142,189.5174834,2
2037.086254,149.4877918,2
2131.749751,193.2879394,2
1731.60797,193.7157104,2
1981.018702,138.81161,2
1864.197509,127.4120011,2
1935.229619,230.5306561,2
1924.058788,189.626733,2
1975.074268,166.1167933,2
1957.500376,228.0390727,2
1959.554722,222.3528035,2
2010.773854,251.1592209,2
1842.125498,242.7206788,2
1965.711274,162.8476877,2
2165.554003,228.2001327,2
2471.34924,235.0381611,2
2206.592375,272.3306932,2
1877.27964,265.4386137,2
1949.924911,138.3129374,2
1984.930491,281.2376665,2
2235.006837,183.8433929,2
1674.402553,126.8019758,2
2041.042304,178.1775125,2
2197.665351,231.1997173,2
1838.613073,260.8307526,2
2137.242417,204.1395754,2
1762.734334,231.0713274,2
1837.893357,225.3923804,2
1668.034671,254.0684601,2
2272.343555,183.6951748,2
2142.749537,151.0779965,2
2053.583048,219.4716218,2
2399.45683,248.9413821,2
1760.288136,268.6208466,2
2112.762032,121.05245,2
2167.37903,189.9987288,2
2275.150507,230.0058456,2
2018.936653,123.7454169,2
2058.040527,89.81547714,2
1871.376491,141.1930942,2
2115.310953,229.0881216,2
1928.438028,180.6234338,2
2364.368299,191.1085273,2
2100.738315,166.9682529,2
1593.768986,181.6116509,2
2158.10486,335.8692065,2
1954.577374,215.2627215,2
2048.004373,210.3820587,2
2077.69708,136.1207538,2
2137.27527,238.4554967,2
1868.958233,150.3917349,2
2166.956826,262.0443308,2
2106.074697,196.9834011,2
2235.312417,253.0190924,2
2281.882522,187.9330105,2
1667.430064,164.2962806,2
1976.97697,263.2775404,2
2400.191512,206.4915102,2
1671.773824,209.7950781,2
2079.988934,232.2707119,2
1830.746905,197.1254716,2
2101.602858,248.4397102,2
1859.54154,268.3647103,2
2134.816715,237.0768093,2
1749.342657,164.0219154,2
1886.24609,243.7781429,2
1914.196908,264.291402,2
2181.90623,172.1990991,2
1725.74779,220.5376962,2
2269.602312,145.72178,2
1914.639296,99.32583982,2
1895.95169,194.677013,2
1687.476615,255.1024517,2
2269.802129,211.4454022,2
1926.825655,160.7371838,2
1990.802585,153.1090987,2
2190.489846,116.9254081,2
1822.631918,113.7011348,2
2310.707287,127.6997759,2
2024.761945,179.524782,2
1948.507447,214.9454391,2
1965.15096,296.8651426,2
1948.503338,241.4628878,2
2095.303849,191.0638092,2
2120.831031,192.2163575,2
1793.923359,215.9427583,2
1887.461594,94.20721876,2
1778.703129,246.1733817,2
2294.919703,92.5846189,2
2127.38685,225.1258978,2
1968.010349,182.18861,2
2003.585326,232.535723,2
2333.09693,285.9264685,2
1887.96945,298.6657778,2
2089.177909,213.8181714,2
1869.303284,197.2468445,2
1953.732121,107.7204192,2
2038.642008,324.7322424,2
1652.659393,246.433268,2
1717.530426,203.1811631,2
1946.76201,175.9436854,2
2115.268601,230.5774674,2
2077.532663,176.9422538,2
2040.444024,132.7898231,2
2280.328087,219.3094688,2
2300.474621,147.7181094,2
2006.110127,219.4410874,2
1878.349091,164.5438199,2
1783.706393,249.5911299,2
2548.692355,182.022575,2
2120.976509,228.8329811,2
2369.040141,277.6048019,2
1860.206338,219.2128894,2
1836.423421,138.5246766,2
2340.892667,229.0912679,2
2314.027365,199.6125505,2
1963.110185,171.7792649,2
1911.736264,236.8756987,2
1757.76726,256.9187661,2
2198.28836,193.4440746,2
1967.445614,139.4989606,2
1900.906167,233.8759889,2
2047.579987,190.7490225,2
2213.198301,189.1469937,2
2146.438913,190.7821602,2
2040.727246,197.568054,2
1934.122865,162.3603106,2
2187.029616,165.2438086,2
2000.610236,202.4860873,2
1795.586961,103.1489617,2
2067.614915,226.7221103,2
1994.950832,268.0541616,2
2297.90662,224.921796,2
1962.177343,115.6399584,2
2025.722494,233.0700233,2
1782.483159,281.9721106,2
2315.990403,189.8065509,2
2204.908751,104.4328367,2
1750.80067,141.4334962,2
2025.464543,163.7485358,2
1893.221263,217.9985906,2
1878.621072,125.1790371,2
2194.670552,152.8414726,2
1847.941998,196.149599,2
2241.685811,225.8010214,2
1524.78132,201.5508774,2
2265.367207,306.4907181,2
2107.827267,155.6295301,2
2445.85568,234.3904493,2
1630.288335,215.740795,2
1975.277636,247.0939916,2
1807.150123,202.5633511,2
1538.709936,242.3025133,2
1868.288948,187.4652488,2
2134.355232,195.8530361,2
2094.231809,234.2042911,2
2112.703256,113.5912342,2
2153.765313,210.4163231,2
2272.996062,238.8788318,2
2077.982064,368.286769,2
2119.412479,218.1320775,2
2022.848916,247.8735253,2
2204.292162,220.0563708,2
2345.711224,189.75681,2
1893.036607,249.9406894,2
1811.876951,185.0862364,2
1938.540268,216.732227,2
1964.132199,199.1361011,2
2143.036112,203.6718863,2
1763.369026,270.7123124,2
1901.225099,227.0494742,2
2071.521002,229.6704226,2
2114.971774,226.2062272,2
2013.518969,258.0712398,2
2050.113785,138.589301,2
1904.284634,153.2070714,2
2036.204561,216.0345045,2
2367.705869,86.00217311,2
2122.282764,250.9055356,2
1666.538882,270.1960253,2
2214.315141,135.0915823,2
2001.616976,230.3302774,2
1942.474934,172.9894395,2
2128.994221,114.3744261,2
1936.698737,239.5151111,2
1751.556833,138.8871422,2
1549.756433,155.2572909,2
1936.504503,213.1201239,2
1986.746789,130.3907707,2
2074.621882,194.0802621,2
2192.675342,110.0746674,2
2142.863649,216.476863,2
2159.98948,263.6602296,2
1760.426794,178.5946539,2
1638.09839,227.9017056,2
2127.321019,179.0890064,2
2318.514381,215.5753492,2
1915.379107,234.8162757,2
2163.209538,187.6821014,2
2094.987788,123.3288768,2
2064.171192,168.7579266,2
1845.576106,204.5738771,2
2118.350167,139.0120503,2
2353.952553,141.8858909,2
2247.068472,178.6803278,2
2157.782394,122.1621853,2
2385.384899,207.4144833,2
1918.155059,204.0074386,2
1969.506158,209.1675186,2
2267.91578,206.3955357,2
2257.516159,230.6840331,2
2003.101281,70.09271049,2
2122.864724,247.3557026,2
1854.55156,262.4214239,2
1972.607072,188.5856631,2
1729.918074,253.5525426,2
2075.676574,229.0216913,2
1883.064519,125.5952599,2
2245.346865,188.2214064,2
1436.127133,141.2538723,2
2035.818862,228.6632249,2
1657.012011,177.1319849,2
1827.240622,143.3894619,2
2264.658312,140.6282591,2
2410.806449,174.4336183,2
1868.997128,186.611605,2
2091.280167,97.9122662,2
2046.096632,145.5748234,2
1933.228374,89.04159176,2
1924.120664,185.8492175,2
1826.754487,312.7373148,2
1952.034132,112.5260285,2
2118.413621,184.4144914,2
1972.313618,150.6083537,2
1933.556284,189.3651993,2
2214.725301,114.7768526,2
1791.738557,176.7687223,2
2220.830764,290.8092625,2
2026.914147,183.661509,2
1995.733503,260.5833819,2
1996.949914,236.7638141,2
2352.638497,109.3202668,2
2136.691176,271.2399304,2
1996.335936,230.9243881,2
2019.054967,141.5166886,2
2289.498887,267.0067422,2
1702.671799,220.3786065,2
2290.481585,196.8046115,2
1862.319543,188.7916017,2
2027.858257,141.1816704,2
1830.327177,221.1360457,2
1825.548385,256.2626185,2
2059.377306,275.8640238,2
2028.39955,194.5207821,2
2063.416072,207.1093481,2
2174.380694,180.8509249,2
1876.304567,238.418534,2
1709.027257,265.6352072,2
1994.989185,281.7978748,2
2264.792424,218.7145583,2
1743.165234,186.6735503,2
2229.319832,178.5133204,2
2218.860705,256.0939738,2
1904.844992,165.6283912,2
1887.459617,238.6577679,2
1856.8181,200.5540376,2
1770.818323,219.7336101,2
2004.536033,215.4076093,2
1871.961935,236.6813374,2
2338.50444,183.3573905,2
1631.583272,243.9702636,2
2217.592533,264.2863632,2
2173.43497,225.5779569,2
1940.351964,191.9551611,2
2193.847679,164.5591205,2
1945.952452,234.5258603,2
2356.865407,218.824674,2
2193.851794,219.881362,2
1894.909997,179.6606748,2
1997.448732,196.4522436,2
1791.325374,223.4860506,2
1561.490303,181.3082005,2
2063.440309,214.732442,2
2057.322966,283.2382912,2
2216.91227,190.2451985,2
2061.979753,235.4213215,2
1842.614277,204.3604698,2
2284.171825,265.6316524,2
1930.708585,205.1041585,2
1791.228736,217.4827903,2
2114.752117,275.4882879,2
1821.970594,236.1269426,2
2154.898523,177.9305977,2
2262.326985,272.255959,2
2365.207065,157.08779,2
2297.727031,171.8012622,2
1877.53857,158.6087131,2
2102.108959,140.3573871,2
2225.258286,296.1931258,2
1880.16997,267.9560872,2
1987.716051,147.9931013,2
2285.305644,254.6245786,2
1998.479568,129.1644175,2
2037.623257,160.9723017,2
2038.640959,145.2905743,2
2028.061269,218.9730025,2
2238.293353,252.4908951,2
1942.134311,226.9400232,2
2038.683786,255.0132001,2
2243.070027,187.0918415,2
1727.248064,257.2439599,2
1949.001206,196.7856819,2
1971.69683,196.3329139,2
2562.784732,201.2974368,2
2250.105157,113.2597425,2
2209.133639,285.9433078,2
1987.26018,178.5842938,2
2281.073928,156.4729041,2
1857.06846,144.042498,2
2322.714854,238.3944943,2
2202.318649,206.3920905,2
1974.966408,138.9430208,2
2055.158209,173.8860382,2
1763.264995,169.1158888,2
1915.887005,234.6791173,2
1981.344211,215.6877628,2
2044.733088,195.4359467,2
2145.497959,308.7784458,2
1867.142303,203.7408587,2
1933.616948,273.4334632,2
1748.464395,216.0110356,2
2026.677851,202.86429,2
1923.400837,211.7212949,2
1746.013836,296.10433,2
2031.900771,160.5660163,2
2040.906714,242.6989253,2
1790.641464,162.8271804,2
2127.67837,260.0074895,2
1916.410835,248.8806407,2
2177.769192,194.388931,2
1949.222127,121.8278063,2
1929.363296,227.747677,2
2078.424773,201.3559304,2
2278.096008,205.5869397,2
2055.25547,257.740992,2
2249.989632,189.9790228,2
2179.385257,181.1309539,2
2216.240002,232.3056353,2
1640.939798,189.5443162,2
2004.956617,229.8265953,2
2378.729732,216.2373614,2
1972.612049,117.6858148,2
1698.177935,205.5347414,2
1852.795584,233.7040666,2
2253.439534,159.1371916,2
2052.855611,168.6459436,2
1939.015403,182.0040944,2
2053.487998,165.751934,2
1712.801407,179.8391105,2
1751.077263,155.2223439,2
1837.841085,71.80588595,2
1911.712823,216.2978815,2
2198.150076,243.2089797,2
2045.328398,232.8453002,2
1904.289832,76.51231488,2
1955.480782,276.6652233,2
2285.331045,204.1513432,2
2368.858497,214.2513537,2
1783.48184,201.0647352,2
1784.536371,138.326082,2
1657.751945,187.5651255,2
1838.445324,131.0671556,2
1981.116767,126.9147975,2
2166.120467,177.9588153,2
1967.137044,251.035593,2
1868.684872,216.210155,2
1955.233559,247.9938891,2
1701.725017,208.6881485,2
1725.292144,252.033598,2
2231.453886,253.0272613,2
1848.335995,185.8768481,2
1942.278967,239.3820278,2
1997.461715,246.9368881,2
2207.704366,180.9212506,2
1860.350933,282.0448248,2
1935.415385,214.575503,2
1995.456184,289.9338169,2
2132.750958,140.4358443,2
2260.113663,223.7138839,2
2043.533488,204.9850756,2
1847.51621,192.6622084,2
2067.333258,209.3829267,2
2176.631008,164.9377506,2
1825.606446,232.2980421,2
2068.547178,189.3771027,2
2232.677179,215.3710039,2
1784.832157,199.4188335,2
1952.131065,156.8922549,2
2058.730891,200.719892,2
2080.041576,88.91836641,2
1998.435033,188.5781111,2
2051.571092,188.2610263,2
1802.919349,217.1051328,2
2256.8439,112.4423572,2
1925.206542,184.2166727,2
2177.448765,263.4650441,2
1986.291227,203.02046,2
2214.754086,267.0898159,2
2113.278413,229.7694288,2
2194.427587,264.0082393,2
1760.237832,215.0087868,2
1777.715348,121.53995,2
2141.745738,248.5767686,2
1861.401255,150.2102281,2
1770.202714,115.0418017,2
1892.616672,206.7608479,2
2044.025785,245.1866286,2
2120.052893,236.6763087,2
2088.685782,165.8977366,2
2071.768595,167.1530908,2
2209.604578,197.6663271,2
2123.284273,197.588402,2
1941.169428,146.5228536,2
2030.037679,201.2391649,2
1664.621477,271.3516928,2
2084.501634,211.546001,2
2000.21078,168.2237291,2
2244.280608,116.3828968,2
1808.796599,292.4255868,2
2148.103215,207.5277236,2
2148.052765,309.8313695,2
2400.460938,210.1976803,2
1854.203419,205.3841496,2
2050.870135,159.5214454,2
2222.24661,126.6984568,2
2152.823351,178.2081384,2
2097.226195,169.9313826,2
1959.911468,153.2900591,2
1811.5525,205.1871404,2
2260.745659,144.3125876,2
1699.351887,227.8375512,2
1944.849208,229.8603231,2
1843.311307,204.2570577,2
2084.026929,269.6862677,2
2019.819292,230.7122765,2
2252.023503,257.8120562,2
1832.147114,178.0012442,2
2086.314997,247.1854063,2
2041.874312,131.7232054,2
1786.363112,191.492456,2
2167.70494,123.0278399,2
2095.909095,118.7059446,2
2114.878033,164.6687426,2
2148.261235,150.0918289,2
1935.157738,182.4107125,2
2298.147891,221.177977,2
2416.669851,160.8351333,2
2101.462313,350.0237154,2
1980.531632,158.489069,2
1785.008445,144.2941622,2
1984.515526,246.2308237,2
1955.900279,260.8921617,2
1978.816091,286.5812989,2
1940.400799,199.12288,2
2112.474937,108.7836227,2
1988.628494,135.2488408,2
2180.354909,173.1989632,2
1982.792309,246.7824709,2
2002.476358,135.0678461,2
2163.989413,217.5886701,2
1880.145665,238.5420052,2
1912.003429,220.9903079,2
1772.636376,122.1142466,2
2050.317398,230.1068268,2
2345.435403,193.682062,2
2108.828069,163.0580444,2
2206.627964,231.5753061,2
1915.561088,166.5383227,2
2151.747809,163.8808604,2
1947.962807,189.6612107,2
1755.358718,250.6104581,2
2046.407378,185.1151414,2
2110.718807,213.0618423,2
1955.569734,211.9589755,2
1889.441234,207.5581568,2
2273.347455,143.4094785,2
1763.848104,211.1488742,2
2134.859983,228.8613422,2
1939.92885,303.8348993,2
2350.576038,115.7466076,2
2129.37081,250.6394414,2
1991.96413,141.2909567,2
1846.572649,207.3038087,2
1888.665502,149.8627812,2
1985.753035,229.3498541,2
2455.878278,256.3950044,2
2183.936496,196.8028933,2
2042.151821,167.2611429,2
2009.106987,253.2962359,2
2275.897603,157.8879102,2
2011.770231,204.9893664,2
1878.462081,226.4897465,2
2045.76777,175.6961353,2
2351.419759,162.229921,2
1609.413154,178.3076322,2
2227.385475,296.4855563,2
2249.722625,258.2495276,2
2217.191999,223.2033875,2
2058.605621,275.7479863,2
2155.124453,202.3696015,2
1979.38668,251.0560362,2
1874.579136,169.2286009,2
2156.290285,194.754432,2
1983.756112,193.9133126,2
1660.425938,222.6147959,2
2114.770143,150.8712012,2
2140.592745,232.6695115,2
2100.347074,215.7623222,2
1738.139799,226.1181769,2
1831.626041,261.2295901,2
2191.378187,185.0815139,2
2001.139554,134.8979324,2
2264.572964,315.9699441,2
2128.786155,194.3494948,2
2139.359715,237.6887409,2
1970.556996,287.4768099,2
1695.035485,117.4925993,2
1985.076191,139.0328488,2
2149.63889,236.2835038,2
1981.362525,227.2316391,2
2124.019215,211.0979772,2
1974.693741,206.0602006,2
2438.322925,157.9304009,2
2002.883832,255.5976057,2
1997.240509,236.854139,2
1843.966523,203.3740679,2
1917.122322,265.1360505,2
1739.577764,209.372153,2
1874.624218,206.5587571,2
2580.508215,253.9518869,2
2292.821156,237.1873251,2
1929.434707,263.5403968,2
2227.888698,181.394672,2
1922.037117,262.9462523,2
1908.034059,188.3974673,2
2071.846231,242.2539354,2
2347.845832,236.8937457,2
2117.359668,186.198511,2
1683.038192,218.7265625,2
1801.489799,131.8383015,2
1908.351337,222.4394217,2
1845.339013,156.0306491,2
2151.4188,133.5545948,2
2276.147228,231.9855297,2
1917.467997,338.3587262,2
2122.045308,209.5674756,2
1513.000877,205.6254208,2
1890.948045,188.843442,2
2127.76597,166.2355642,2
1956.032081,142.1786776,2
1997.71207,163.2579138,2
1698.787076,172.6940422,2
2385.959415,142.7735139,2
1675.782182,264.0935219,2
1636.179155,167.405022,2
2346.186338,239.7619384,2
1919.798654,229.4081465,2
1725.923258,129.0965501,2
1984.626746,127.787573,2
1888.779919,204.2650955,2
1631.04424,219.1117329,2
2041.533305,225.4444985,2
1869.27622,271.2665794,2
1896.434749,320.9839175,2
1716.245856,84.7652238,2
1810.46587,169.972464,2
2299.882558,165.1138253,2
1939.698791,249.7643866,2
1928.540772,153.0364857,2
2087.33168,178.9306043,2
1985.396429,216.5533987,2
1993.937188,188.7677714,2
2064.02671,216.8902426,2
2164.14527,195.6768579,2
2218.62593,152.5027316,2
2087.083192,250.3874732,2
1982.469235,227.7138151,2
2532.042562,71.9477199,2
1342.097887,217.8560402,2
1760.345497,271.9802803,2
1824.075854,139.4164623,2
1989.982379,243.9849929,2
1791.750936,199.3174438,2
1720.589999,207.0375501,2
1918.727485,287.6437432,2
1840.759253,304.6124162,2
1752.332541,242.1525014,2
1843.949365,255.6740465,2
1956.988063,157.8175599,2
2299.864723,177.6324489,2
1992.283503,129.5162745,2
1983.125292,126.1784804,2
2095.272159,184.2387894,2
2083.979266,142.3543928,2
2137.163926,241.9019477,2
1629.480767,198.958675,2
2163.643905,184.9289379,2
1717.299643,186.3043844,2
1988.240668,132.5687851,2
2242.263625,131.9076091,2
2004.863636,222.8852917,2
1954.080656,184.0297992,2
1850.912027,115.0839482,2
2123.904692,187.0322185,2
1854.65964,263.1750295,2
2269.050497,146.7333071,2
1791.693691,106.5091269,2
1887.015651,340.6382691,2
1988.965833,179.0586348,2
1952.594469,237.5244494,2
2194.883894,204.5717455,2
1738.378899,159.6752442,2
2068.823843,224.5872356,2
1785.837,260.0342236,2
1916.425605,210.1178934,2
2100.236258,160.4677247,2
2091.872662,119.1925149,2
1844.347385,258.6407063,2
1814.031231,190.5068692,2
1993.20697,229.9876341,2
1681.460461,156.3380539,2
1923.658775,269.6485803,2
1618.709338,159.4468861,2
2329.37558,150.9438892,2
2021.424669,162.6597211,2
2011.666542,179.4206103,2
1933.708015,255.4287276,2
1957.176371,153.5535148,2
1936.897951,180.2462546,2
1843.084598,192.4092175,2
1710.074059,107.782222,2
1964.21088,128.0630539,2
2007.548445,152.9293446,2
2047.353722,246.4365853,2
2478.858971,174.3294543,2
2186.472205,196.7674517,2
2033.565972,199.8260553,2
1533.671883,203.9393975,2
2261.645646,199.8649596,2
1719.264084,200.5012681,2
2116.366787,211.8414024,2
1847.222451,195.0593097,2
2246.744714,164.541782,2
1862.957868,101.2651813,2
1907.429033,190.5248856,2
1909.728432,310.3579716,2
1638.097397,260.6932036,2
1967.789299,245.4516604,2
2051.354825,148.0152539,2
1930.831548,233.6830639,2
2105.569413,221.7673122,2
1749.368693,212.5227732,2
2017.197427,266.6626122,2
1906.213087,143.1263325,2
2190.058185,191.6380205,2
2274.397099,256.5040229,2
1885.149764,210.4511638,2
1989.789923,185.6801029,2
2914.284464,87.6565034,3
3076.498962,93.24026059,3
2742.729034,95.55270371,3
3094.167828,74.2809984,3
3349.684669,100.0912187,3
3123.370902,119.8478481,3
3891.371187,100.4608323,3
2938.607619,165.4344241,3
2630.649814,97.02764966,3
2151.671011,130.6249296,3
2866.36418,105.1691929,3
2743.144305,80.68754675,3
3762.949518,118.5577736,3
3594.560555,70.44159748,3
3902.21266,108.7203613,3
2590.915063,188.8087306,3
2789.126103,123.7601772,3
3270.659773,97.6541987,3
3024.826511,62.24665529,3
3132.132917,89.70963541,3
2587.584793,84.58040738,3
3233.646938,76.36284404,3
2825.41822,117.0730643,3
2891.490179,129.4491502,3
3186.970041,88.74221834,3
3239.516873,118.1224422,3
3097.523051,71.76899534,3
3312.97771,116.1822761,3
3406.849866,144.7937399,3
2916.436836,135.1896537,3
3635.249542,131.5341001,3
3376.24784,112.7624932,3
2718.152335,129.5229687,3
2572.874256,77.29318116,3
2863.918647,50.33828118,3
2630.018972,67.62671269,3
3037.463509,102.0831156,3
3398.219403,145.0149819,3
3601.046832,65.0974444,3
3222.866177,70.51771717,3
3613.772477,60.50318249,3
2416.756272,140.2573187,3
2566.294642,40.93644213,3
2970.561881,73.9771065,3
3455.323308,109.0037683,3
2672.776201,119.0257489,3
3465.051424,132.7879073,3
3097.995908,112.4520161,3
3038.667914,30.68178873,3
2918.743231,44.11456126,3
2883.13042,84.7861448,3
3169.071377,96.76352951,3
2712.690917,113.1621158,3
3246.585855,67.85006331,3
3268.5557,139.8111039,3
3368.318052,107.2571849,3
3032.655,134.6826461,3
2956.317472,103.8641706,3
3445.421992,99.95582037,3
3206.3493,38.84075088,3
3247.63504,42.94461671,3
3177.359375,58.18638194,3
2862.118922,87.28586182,3
2955.349963,107.6656601,3
2733.952716,73.18962286,3
3132.934239,146.1122723,3
3415.97384,69.20570456,3
3297.114992,143.8342317,3
2712.029082,92.83874523,3
3137.46449,90.19921969,3
3287.717624,129.1586199,3
3072.421483,83.31110995,3
3730.739398,118.618476,3
3142.729134,89.16886129,3
2321.204081,137.3431668,3
3636.657171,154.468582,3
2686.13088,113.0854156,3
3002.884801,124.5783675,3
2742.565673,126.7313283,3
2738.191294,41.9890196,3
2933.823745,93.57653914,3
3502.809149,124.9606382,3
3288.587429,63.60889741,3
3019.805075,103.927103,3
2703.425196,99.13488403,3
3413.143334,81.41296786,3
2766.276062,120.5605133,3
3587.527455,114.6433609,3
2903.345287,80.29978422,3
3057.909445,141.0578805,3
2495.118705,81.77649558,3
3789.162899,31.52703805,3
3407.646403,133.356249,3
2836.133889,93.5674673,3
2951.667783,93.19770659,3
3020.960077,121.0897484,3
2860.516777,87.62361471,3
2826.922513,50.92615736,3
3071.902823,107.5338446,3
3702.933175,97.09156969,3
2672.635005,92.25031258,3
3042.434564,61.01579198,3
2763.812637,78.57813557,3
2927.155849,107.8817389,3
3120.636676,65.90236956,3
2853.36184,77.72754905,3
3193.665787,115.7069054,3
3758.770104,107.8137729,3
3118.212213,113.8783266,3
2979.667233,92.00413011,3
3800.221981,114.124076,3
2110.532379,81.04922961,3
2755.113614,43.81129922,3
2993.872773,125.3980168,3
3443.181782,121.5714176,3
2255.724775,98.80042752,3
2696.534653,59.63005299,3
2532.833742,130.8952102,3
3348.505658,41.91203192,3
2908.489932,93.55125536,3
3168.944973,94.45366577,3
3591.982109,120.1566606,3
2703.26004,-0.587886672,3
3264.743106,114.4602915,3
2923.660078,64.38971137,3
3113.040329,98.16280894,3
2541.019199,74.30090269,3
3113.477641,102.7019513,3
3015.089653,50.74770518,3
2904.273123,101.3472372,3
3336.830718,150.7439275,3
2878.476007,46.24005325,3
3394.680618,57.3446599,3
3630.567557,89.59434851,3
3146.80522,135.4300086,3
3867.97744,121.4620711,3
2631.79643,127.8487985,3
2896.737169,75.15330972,3
2555.608167,92.83351271,3
3357.999163,56.31796005,3
2965.634512,112.5010037,3
2960.306201,63.32629143,3
3189.860091,64.32067079,3
3194.71336,153.9081121,3
3524.590377,108.6561419,3
2950.435092,90.02976319,3
2756.615942,102.1111549,3
3053.020717,113.459732,3
3456.572417,120.8217585,3
3260.041228,99.80869892,3
2588.082537,62.11201411,3
3219.667904,64.95308787,3
2561.05388,86.17245573,3
2528.675711,107.7250734,3
3426.112317,90.68698149,3
3773.173947,82.85295124,3
3198.492349,107.6187385,3
2494.68819,105.9952837,3
2947.903626,102.5694929,3
3327.826713,68.70737895,3
2320.777172,65.70827708,3
2623.152267,125.4509209,3
3195.832699,49.99999582,3
2922.82349,103.3229183,3
2967.379625,103.6691051,3
2873.551313,119.7345994,3
2693.28854,94.16777728,3
3090.796935,133.0105213,3
2810.222947,147.3756881,3
3507.334882,95.77082491,3
3158.649594,94.23901357,3
3061.650357,105.60251,3
3686.998634,96.29860928,3
2911.875052,125.4843646,3
3122.424608,95.21235832,3
2508.310336,100.2376696,3
2868.40104,82.01681137,3
3085.635943,105.2463298,3
2671.389436,63.76878848,3
2523.596282,104.050219,3
3252.900251,142.8678959,3
3284.802036,87.49853092,3
2835.991637,71.69685743,3
2938.662547,94.6013689,3
3218.360958,132.9538787,3
2469.221599,121.8234706,3
2471.855099,116.1886483,3
3244.580253,76.53818902,3
3197.381034,156.2987656,3
2325.246301,97.36176565,3
3948.910755,92.57032674,3
3417.919387,140.7952151,3
2787.516266,85.20167791,3
2093.109237,135.2719107,3
2832.822707,31.72208047,3
3262.242061,131.9242189,3
3542.548739,111.4206028,3
3231.289237,100.3722003,3
2311.388243,128.6692422,3
2567.106059,125.5900586,3
2474.261248,106.3384721,3
2832.698252,141.2881306,3
3747.2494,45.72144682,3
3029.337781,75.41814298,3
2910.562621,109.5237774,3
2930.172783,78.81911283,3
3335.985492,121.759639,3
2839.102349,97.91974144,3
2950.64925,66.46693456,3
2821.556402,108.646275,3
2562.340197,103.9370042,3
3046.542704,115.0970029,3
2708.49981,143.6050584,3
2519.213212,98.63956302,3
4049.539719,92.3265139,3
2901.009392,72.81956311,3
3116.10174,122.748339,3
2846.803531,90.21847697,3
2758.641259,93.92985203,3
2769.900544,144.9513025,3
3982.346837,104.8791187,3
2676.97945,116.4428548,3
3352.467352,70.35853504,3
2713.034946,114.9672906,3
3080.233795,52.24493115,3
3564.766779,40.08656581,3
3159.23176,127.2731218,3
2834.052569,86.88668391,3
3014.13087,88.47339697,3
2818.990907,106.6880399,3
2653.403086,73.23860425,3
3395.104513,66.79356118,3
2698.877837,53.15778961,3
3771.150617,75.36998481,3
3103.048413,61.71016728,3
2650.47895,117.9564402,3
2534.343761,136.3463979,3
3166.305125,183.6248277,3
2759.786383,98.46218721,3
3159.775915,118.8308901,3
2564.661361,40.80102415,3
3682.667842,121.7615435,3
3029.585017,-3.498484359,3
2491.358945,54.52126421,3
3183.182831,123.6337116,3
2785.463666,127.6720877,3
2519.612473,113.5667595,3
2666.311474,92.59420982,3
3250.326201,81.24522036,3
3105.491249,90.58999992,3
3109.767032,100.1081355,3
2922.280865,70.47226808,3
3282.708717,117.1420267,3
3636.137132,86.33486512,3
2950.635387,70.33288059,3
2869.734438,78.34472947,3
2553.394093,96.58338082,3
3086.699272,111.2508987,3
2543.311464,137.486892,3
2654.515452,98.89824072,3
2776.72599,111.0719371,3
2995.571801,97.2311234,3
2823.357526,79.21735353,3
2780.640149,100.3638754,3
2555.048342,101.5951583,3
3189.326136,87.78239287,3
2545.011309,113.2770287,3
2607.441984,88.04145115,3
2983.380291,109.3338267,3
2471.770554,97.97404578,3
3052.877234,83.13703431,3
2638.600091,111.7622668,3
3661.950565,106.9724485,3
3057.651812,139.9059937,3
2842.261755,143.3051759,3
2977.933838,142.1269376,3
3084.905051,67.34201155,3
1911.8693,105.1788398,3
3650.822785,109.0945505,3
2880.835603,84.25814411,3
3550.248932,120.4998055,3
3358.657106,71.57349587,3
3702.771476,128.3443256,3
2530.947548,60.6233411,3
3445.28198,119.6021838,3
3134.588398,49.30041206,3
3109.664098,107.8629135,3
2666.765776,114.7375989,3
3321.033405,66.25811084,3
3069.07072,174.3998978,3
2850.282992,127.0723997,3
2972.230762,68.28185371,3
2477.092037,72.5351813,3
3052.61605,82.34381095,3
3232.560835,76.35068469,3
2865.883396,120.6812225,3
3576.340505,131.7498971,3
2993.449876,71.21701207,3
2728.440889,106.0432315,3
3795.251981,89.58033003,3
2529.672058,117.3465418,3
3049.920046,87.08259544,3
3076.235042,79.74671207,3
2814.581793,72.19888866,3
2670.236528,126.6151586,3
2867.57678,57.72311549,3
3027.390603,97.71475485,3
3564.686436,114.0233915,3
3291.603724,134.9787493,3
3344.148879,122.3036533,3
3368.168535,159.5927581,3
3461.428056,140.0943644,3
3153.993354,100.1310521,3
2531.948144,104.9563293,3
3003.60639,70.37369346,3
3101.533557,99.45174808,3
3112.906228,44.55648744,3
3292.00402,101.6481094,3
3040.364124,122.5465686,3
3817.804597,132.28595,3
2809.911371,130.3978545,3
3104.799454,153.8987466,3
2597.384137,128.1187327,3
2333.67423,123.8180812,3
2704.602204,101.1007975,3
2772.378927,100.0005733,3
3528.910257,133.958071,3
2962.994819,90.00440622,3
3269.946668,147.3721746,3
3505.550966,67.37288746,3
2823.859118,82.33316518,3
3660.108851,111.541203,3
3481.638304,72.31297829,3
3893.664214,85.07740761,3
2142.775015,84.96796471,3
2717.910902,99.59750453,3
3540.104668,144.1153598,3
3141.453193,122.3837824,3
2748.360268,131.1430026,3
3351.578109,112.3800914,3
2631.451744,82.76523623,3
2771.87934,100.7479711,3
3017.361237,160.8106043,3
3204.747938,90.83534596,3
4059.785134,76.56229795,3
2905.535281,81.02750415,3
2977.135326,73.50167517,3
3272.113711,153.7146271,3
3035.332479,92.43279103,3
2678.292725,121.996089,3
3781.834968,108.3728617,3
3238.975901,148.9503964,3
2987.90743,71.71681894,3
3388.132338,74.82566037,3
2539.153287,87.97969787,3
3149.358551,148.8719186,3
2386.293407,112.8629245,3
3176.625246,44.03701468,3
2614.884575,87.06900253,3
3334.824833,125.8058411,3
3428.302661,104.4090549,3
3622.912682,148.2417765,3
2553.787703,128.9787139,3
3059.698469,109.4952029,3
2958.547355,100.8670978,3
2986.942649,94.46997826,3
3545.554875,84.68078105,3
2654.37124,68.09661158,3
2471.575257,57.93447453,3
3212.146445,141.9229852,3
3141.508284,150.5315355,3
3123.973637,153.9847157,3
2823.881533,91.01592937,3
3167.614096,125.4589611,3
2528.674323,99.13971028,3
3046.833846,118.2786,3
2729.12815,125.3454334,3
2901.394819,112.5567568,3
2646.605127,111.4349884,3
3036.691811,107.1292685,3
3038.2321,62.55413484,3
2807.60856,87.54442348,3
2492.961662,98.50267705,3
3412.318522,106.8648096,3
3128.331487,119.9500592,3
2395.165685,62.34698909,3
3224.715696,92.62459455,3
2354.906542,94.66704151,3
3277.784994,123.6728187,3
3072.25002,129.3596551,3
3264.992449,90.37994102,3
2764.155081,49.53177006,3
2641.403023,98.08315814,3
3215.0414,64.20178724,3
2886.455936,109.2853959,3
3455.105085,41.22259262,3
3000.89147,71.62255484,3
2613.520999,102.2633166,3
2384.467153,100.1950134,3
3426.249457,136.7168763,3
3127.496942,45.3515472,3
3081.443066,86.19514047,3
2619.467299,94.14570863,3
2651.158364,117.4563747,3
2865.089833,102.4405386,3
2723.267738,43.97478731,3
3016.743402,168.233947,3
3341.957126,80.86505585,3
3233.712817,92.15104977,3
2754.941536,135.6322492,3
3079.115573,101.614436,3
3692.249965,96.14217757,3
3255.187356,99.62733156,3
2564.419894,113.1261083,3
2774.638848,106.8915129,3
2969.710636,131.7279531,3
2578.100174,87.77055402,3
3350.679607,107.3428243,3
2802.981048,102.9093675,3
3310.671127,97.21762508,3
3169.865844,95.86789902,3
2795.530929,93.92302373,3
3410.080338,113.6325172,3
3938.534682,105.4874061,3
2565.662672,94.13598012,3
3171.141274,74.1314354,3
2784.007753,132.2653011,3
3224.775987,133.7207277,3
2692.963108,95.20365612,3
3309.112537,123.0994947,3
3189.769904,16.6776247,3
3343.843911,110.5388885,3
2994.161316,41.76031139,3
2788.892134,125.7962077,3
3649.656244,143.3518971,3
3420.6295,61.59139566,3
2730.826623,107.894963,3
2271.51414,66.22562988,3
3431.193596,102.0950861,3
3197.486515,98.32385203,3
3391.865053,144.7604446,3
3242.356803,61.19933424,3
2814.512347,142.4446479,3
3223.467769,115.8919412,3
2789.582233,108.5725382,3
3371.03898,105.8831363,3
3395.043366,80.14849952,3
3341.35535,189.0171684,3
3226.100479,56.95629674,3
2716.609411,128.3359625,3
2837.547145,85.21176371,3
3109.705205,60.94282154,3
2892.443951,85.48700756,3
3754.855783,93.08398831,3
3067.007849,115.0468924,3
3575.438506,80.10571973,3
2387.282819,57.61286297,3
2896.650678,86.34551719,3
2503.803193,108.1614832,3
3220.474205,90.46214697,3
3117.119274,91.10851953,3
2956.458283,142.5532059,3
2487.580818,163.0711231,3
3061.140197,35.42002896,3
2828.201621,93.47577882,3
4064.92362,122.0013397,3
2650.764477,63.21762142,3
3088.359325,96.17379913,3
2915.402935,85.80666245,3
2708.767923,56.35935773,3
3185.616733,72.31007949,3
3418.978334,72.05943537,3
2182.395282,102.2790848,3
2709.073575,83.47954701,3
2550.598487,120.4605666,3
3055.938499,96.98718361,3
2505.359106,90.93502059,3
3330.816441,60.115372,3
3197.80484,98.54711379,3
3468.691649,129.9052045,3
3196.183473,138.3139449,3
2903.659661,83.23324403,3
2273.652245,64.09639234,3
3137.718994,110.4666288,3
3630.784575,120.3539368,3
3046.52231,68.22272417,3
3131.489406,97.8498782,3
3623.101516,111.5947463,3
2534.870266,115.1071818,3
2821.085505,74.91138401,3
2801.000029,96.27503878,3
3237.902486,153.1280669,3
2620.288937,149.0030099,3
4018.111283,132.8146625,3
2464.712574,105.1695499,3
2763.802716,96.45497367,3
3163.983917,83.76043724,3
3290.074894,123.161109,3
3907.432227,139.18129,3
3444.479954,75.94697688,3
2357.536377,139.3582342,3
2907.248754,89.81152872,3
4064.2055,102.0135704,3
2702.348072,85.43295366,3
3325.151981,57.59040195,3
2969.742644,96.09321413,3
3245.760746,91.14906754,3
2884.608978,100.5807868,3
3013.155765,106.2029344,3
2513.021681,165.3746911,3
3180.336071,100.5891914,3
3103.697916,83.42119879,3
2880.542194,100.8469273,3
3104.845789,96.09384048,3
2799.97418,116.3392445,3
2992.683887,74.15659665,3
3508.078447,104.4476864,3
2920.414716,79.59592702,3
3367.319195,138.9937852,3
3337.764555,146.2941959,3
2923.140877,81.29240851,3
2632.529812,64.60588177,3
3515.599322,105.6476151,3
2693.006885,87.17080571,3
3070.055787,150.8670831,3
2921.168296,72.39992379,3
2435.248054,94.80696477,3
2934.189351,101.1014012,3
2818.719604,97.36112474,3
3774.837298,113.1365674,3
3145.612672,48.43804484,3
3368.95912,142.1697654,3
2904.846781,99.30904543,3
3853.98673,126.0402911,3
2373.13266,73.46838927,3
2433.056396,55.70582548,3
2849.970061,136.382838,3
2743.293761,70.21514714,3
3904.479844,94.53531278,3
2990.722821,120.4730126,3
3217.294946,153.7545171,3
3346.505101,20.72951904,3
1970.362484,136.2747663,3
2852.039762,37.59487262,3
2940.194879,88.94316906,3
2659.025612,119.2792482,3
2653.955226,78.50570533,3
2904.175846,116.6268972,3
3177.302197,132.1511377,3
2397.947614,145.5735998,3
2659.040523,122.9403995,3
2781.233124,96.68543592,3
2849.299739,53.83645106,3
2883.527523,98.08137228,3
3165.508246,96.70104906,3
2895.460458,116.1103754,3
2965.857517,55.81243695,3
3359.333234,133.562364,3
3562.693904,171.4159156,3
3762.575896,103.7464737,3
2991.985278,89.87290598,3
3138.210345,147.4345245,3
4034.280623,81.22323542,3
3256.055548,110.1386394,3
3227.494357,105.8013512,3
3100.494032,90.69827103,3
3749.752493,102.5335388,3
2894.69959,76.82116563,3
3005.89962,117.0189917,3
2895.797733,95.01258532,3
2730.992377,87.98502909,3
3435.667564,108.2448045,3
3183.231354,135.0879241,3
2280.934167,77.34336631,3
3355.164641,100.6112836,3
3152.723827,110.1426857,3
3055.912497,64.63503305,3
3224.387808,150.6069496,3
2408.676016,159.8732351,3
3012.60444,116.6289419,3
2944.487492,125.0354388,3
3557.317856,63.11764877,3
3001.286501,119.735258,3
2884.241458,122.5893366,3
3063.111831,110.0332835,3
3259.842435,128.3839042,3
2741.25797,107.8501615,3
2438.188273,97.41570147,3
2515.220327,89.42900026,3
2733.735857,90.27283079,3
3010.566667,135.596342,3
2987.180083,112.2349828,3
3697.845551,175.3009426,3
2875.814621,114.015745,3
3142.049435,88.01493569,3
2921.395396,106.6101062,3
3533.939192,117.5458971,3
2865.700778,75.00286082,3
3270.891654,71.81931744,3
3099.417198,53.89880183,3
2878.735858,120.2504598,3
3029.742322,119.6429009,3
3318.129236,144.5223115,3
3265.830145,74.63479467,3
2796.273288,87.6867534,3
2882.71086,77.09171403,3
3392.706667,98.60359196,3
2586.925319,150.625224,3
2640.672268,119.0470041,3
2257.21706,46.41882488,3
2598.762914,71.6244982,3
2612.352184,131.889998,3
2877.826641,85.60613809,3
3020.543451,80.93641351,3
2901.919623,84.97110088,3
2839.398348,76.30309757,3
2408.591933,171.5996588,3
3156.425485,155.1183123,3
3631.023997,84.50698471,3
2487.477108,129.9177339,3
3161.858799,130.7456085,3
2717.618128,117.7084859,3
2772.473002,50.61739305,3
2939.271729,110.0058712,3
2809.158553,51.83250658,3
3594.969685,63.18600289,3
2672.72731,83.04217898,3
2800.611157,115.3122169,3
3014.356526,59.77736868,3
3843.104239,117.3040508,3
2895.910745,127.423343,3
3401.232165,95.9143242,3
2896.270827,74.11061369,3
3411.223575,120.8551478,3
2774.548736,141.9145161,3
3437.245538,80.86642806,3
2374.137581,71.50011027,3
3189.921608,95.1370751,3
3352.04334,78.22080015,3
2865.637666,51.4246953,3
2865.454653,108.8532104,3
2927.534053,128.5882328,3
3631.891518,92.84793455,3
3174.019912,120.3188804,3
2681.52669,103.7284888,3
2782.333888,104.8804672,3
3577.643107,69.41981509,3
3171.19106,118.3425782,3
3451.737941,131.9449731,3
2441.573039,116.6752641,3
3020.787551,92.48143524,3
3266.653419,81.48785381,3
2353.579004,73.19974995,3
2550.500692,141.5970923,3
3014.207982,84.01027321,3
3091.093067,70.352226,3
3144.79656,96.42345388,3
2886.520917,64.99080661,3
3036.981502,170.7044064,3
2261.271781,73.8247752,3
2565.351065,102.3483058,3
2775.835485,128.5897268,3
2866.995591,122.3667201,3
3016.151446,120.1769124,3
2788.597127,99.79280831,3
2985.180076,74.88555522,3
2228.726805,121.7066454,3
2405.717151,128.1016743,3
3630.253217,107.3579236,3
3654.395535,84.64740178,3
2801.823613,79.35826545,3
3134.037603,102.5093614,3
2295.174368,138.4336453,3
3747.43999,99.58192598,3
2931.981873,89.52190388,3
3949.832254,77.72821938,3
2976.956332,103.3458053,3
3146.405381,127.9276143,3
3643.217007,90.2017897,3
2551.90371,65.1852618,3
3948.544212,104.614571,3
3223.843089,118.8474345,3
2743.809062,102.1751991,3
3540.295716,83.27253471,3
2630.627628,103.509582,3
2709.493781,153.2256143,3
2505.585573,118.1632492,3
3335.662507,108.7170891,3
2440.190323,120.5659834,3
3498.620019,124.2564849,3
3159.827803,81.7815929,3
3747.559026,96.42541138,3
2827.616859,125.722599,3
2248.920255,100.8771601,3
2572.736364,129.4709792,3
2635.57398,26.00623017,3
2966.656449,125.211158,3
2607.818272,110.0457706,3
2978.727529,93.65990413,3
2729.570982,97.05320432,3
2918.3547,88.98322208,3
2675.63294,90.02420098,3
3263.677572,85.72348552,3
2818.797191,75.86115758,3
2445.587935,77.47107297,3
2622.701382,120.5571612,3
3446.497018,116.5491576,3
2971.221075,64.1449082,3
2847.976335,92.39081417,3
2614.526934,48.61748629,3
2721.534792,96.7183242,3
2414.456518,108.7137633,3
2780.8171,123.4140816,3
2476.290992,147.9648854,3
3644.65446,104.0007001,3
2952.142247,125.878508,3
3110.48434,72.36353951,3
2880.733493,81.76117218,3
2792.038396,121.6231377,3
2429.107394,86.36837442,3
3036.643137,101.8211779,3
2951.554052,86.61346783,3
3226.766207,87.9687635,3
3344.109878,96.25602774,3
2794.456427,109.1311386,3
2759.43966,128.009566,3
2583.096527,129.6799648,3
2554.118833,58.37759593,3
2785.061738,115.6857188,3
3692.023374,62.37077464,3
3047.803079,135.6097505,3
2476.11499,145.7910162,3
3722.109922,92.25419303,3
2730.156907,87.35301613,3
3532.106045,56.81195761,3
3273.283822,36.09360126,3
3238.825319,86.17654709,3
2789.158078,143.1109407,3
3244.723875,62.18883907,3
2881.851249,140.3046116,3
3486.788119,88.50101059,3
3241.429608,124.9289234,3
3150.456456,85.22970038,3
3462.935802,87.13005534,3
2761.348754,86.29820594,3
2394.651873,69.05202146,3
3313.457734,72.28414583,3
3201.410286,155.0162635,3
2192.213956,117.6351729,3
3464.417547,78.10848442,3
2590.811125,157.491485,3
2922.499428,41.10328472,3
3586.163557,63.90115672,3
3373.197926,206.728781,3
3294.342984,114.4705776,3
3423.833481,76.13139462,3
3312.453903,134.6016569,3
2717.524911,56.31449696,3
2906.351296,101.7199471,3
2851.805189,59.36658999,3
2202.393097,65.8505948,3
2512.250332,70.81249929,3
2872.534201,136.9320179,3
3548.102582,81.82818331,3
3517.432368,80.02748405,3
3182.527652,133.922354,3
3169.37856,99.12327695,3
2693.236353,111.8817625,3
2787.010353,133.1654361,3
2502.792036,79.30936178,3
3379.773259,157.0275128,3
3248.036134,133.0918582,3
2915.815745,128.4267824,3
3616.147756,112.0606229,3
2814.296141,89.47868148,3
3518.877219,125.4536371,3
3221.311966,99.60581472,3
2933.570783,140.757799,3
2140.735449,70.18898582,3
3141.182475,95.23483982,3
2920.111515,100.8838115,3
2895.958929,103.938904,3
3173.252393,116.4774414,3
2687.612641,100.4601564,3
2880.209128,102.3530036,3
2372.231024,94.02621551,3
2699.818105,139.9532573,3
3122.364904,59.98407153,3
3308.748465,86.3592617,3
3184.899795,109.0649134,3
3090.804345,123.9083234,3
3426.847375,85.29930712,3
3165.461253,88.28452206,3
3368.728453,73.18959821,3
2602.976921,89.75250688,3
2464.021674,61.11980703,3
3767.47329,118.1933305,3
3283.02595,130.0169545,3
2664.863294,87.01986422,3
2495.948756,132.2413059,3
3109.460817,53.45880996,3
3140.787188,90.57649865,3
2779.489034,116.0600184,3
2288.937178,70.10957796,3
2641.198346,109.0050924,3
3449.941429,59.62615535,3
3040.131748,92.66202213,3
2954.004644,62.58411601,3
3476.699881,154.8349812,3
3350.028812,133.8029099,3
3515.947365,178.494717,3
3114.331893,105.2377951,3
2671.980451,96.36407879,3
2539.241107,139.0334779,3
2179.081836,74.03385062,3
2674.292478,103.9637583,3
2908.751584,113.6008147,3
2771.292103,52.26478946,3
2814.29212,125.3469596,3
3016.494034,96.56471307,3
2702.573151,92.92485138,3
2953.498004,51.84345548,3
3094.542458,78.41407243,3
2912.620694,80.50231448,3
2921.60906,60.44715212,3
3002.013274,151.2153625,3
2834.506333,109.272283,3
3598.753887,39.68276763,3
3172.541645,75.97145865,3
3123.862269,138.131887,3
2530.160156,187.5162073,3
2840.136842,100.812808,3
3422.704064,85.84216302,3
3213.451137,140.6915631,3
3333.896749,87.23923292,3
2315.752361,112.3134821,3
3220.207833,118.3531575,3
2643.650914,51.27145625,3
3170.833215,68.67288281,3
3122.075385,107.9682254,3
2571.481238,101.7999379,3
2470.389775,134.4162646,3
2972.517072,119.2562999,3
2447.654507,102.8537547,3
3278.116605,86.83627639,3
3243.355127,140.4224753,3
2791.955329,63.30329546,3
3188.114815,129.1980356,3
2738.489576,139.4533381,3
3430.107729,105.1649777,3
2610.070426,51.47238757,3
2901.15388,132.3799425,3
2701.176234,70.73085076,3
3270.240868,141.2975521,3
2940.160756,96.96212764,3
3172.663008,109.1209229,3
2808.015524,62.97121682,3
2307.037252,90.92818448,3
3348.102266,74.69936632,3
2746.084396,99.93423819,3
3266.255718,109.9737013,3
3911.463008,106.6884648,3
2724.523497,185.3172264,3
2409.719003,120.7873135,3
2903.963363,118.9207158,3
2751.283069,74.66626141,3
2168.212076,36.17525996,3
3308.1571,133.1072161,3
2318.712171,66.34749609,3
3106.937101,128.3777929,3
3329.501539,63.68454435,3
3465.63716,117.315423,3
3294.851169,70.55352736,3
2831.754027,170.6006358,3
3447.806182,91.79859366,3
3066.882612,117.9787736,3
2624.205853,120.0258688,3
2888.292637,61.66348389,3
2750.80004,78.37032261,3
3282.126786,84.22739775,3
3321.10654,148.3557659,3
3355.364211,75.20080854,3
2669.817266,140.0941523,3
2709.956557,145.8601194,3
3503.247685,111.4049523,3
2147.488758,55.95258114,3
2810.946293,96.43307082,3
3738.054869,69.72059549,3
2845.803196,21.74772653,3
3174.686493,73.4396649,3
3277.907563,91.30226896,3
3593.391259,112.2332552,3
2811.634635,53.54181084,3
2788.133706,145.1736936,3
2962.42029,153.4390498,3
3107.599851,86.75887369,3
2528.465039,98.00952744,3
3390.892255,70.3360412,3
2411.265641,63.17646245,3
1981.319445,118.9197316,3
3738.001877,74.14938575,3
3189.699518,143.2747194,3
3456.296094,76.80459058,3
2865.376719,101.1501468,3
3161.991302,126.4380442,3
2516.10566,99.83672679,3
3077.604478,72.32245089,3
3719.170532,132.1098096,3
3138.190971,127.3173826,3
2987.088368,69.20859928,3
3107.017135,71.09939933,3
2818.64667,67.36932844,3
3382.113163,105.1992616,3
3168.761224,92.08589941,3
2365.218496,91.67793444,3
3604.642546,125.565689,3
2878.28827,131.3668169,3
2591.38273,103.8188418,3
2829.157454,46.83628769,3
2505.006904,73.8648124,3
2790.889512,110.4549927,3
3468.717764,72.53278171,3
3631.181741,86.59244504,3
3180.21931,110.9980452,3
2745.462178,139.8201968,3
2997.488976,89.43903115,3
3524.066726,102.8509679,3
2917.510924,82.5405579,3
2887.625093,128.1522405,3
4314.557397,95.42910207,3
3077.195216,154.0706236,3
3180.987326,92.6938525,3
2964.941315,58.63265209,3
3415.862484,154.5651929,3
2786.98605,123.6552327,3
2084.812499,130.0491895,3
2622.36325,73.56681808,3
3665.312788,62.11741235,3
3522.040828,95.40276041,3
2191.779331,111.3923497,3
2288.569612,89.52721764,3
3148.395369,64.53349266,3
2427.165451,129.0351495,3
3159.449248,46.89157591,3
3339.915161,106.7657999,3
3118.421907,123.6450797,3
2714.590098,121.4594227,3
3452.98312,110.0529013,3
2741.293903,141.9924076,3
3010.412943,70.87892009,3
2796.651909,91.78970571,3
3759.430537,106.6936902,3
3179.62561,108.9978416,3
2823.1335,95.30074521,3
3472.525777,91.69869723,3
2897.634403,72.3184965,3
3411.753316,74.42335464,3
2854.38333,105.4326051,3
3295.465712,135.771077,3
3304.994125,126.304724,3
3097.528037,120.6400734,3
3035.880993,95.48599693,3
3168.573116,35.77639988,3
3780.183011,114.6140541,3
2775.381515,113.7582352,3
3265.661823,140.1766684,3
2850.210298,105.8569474,3
2727.192813,89.50775103,3
2932.741865,143.0656,3
3254.200159,113.9215666,3
2921.250731,102.2807532,3
2825.155133,56.1905813,3
3252.337216,93.34887857,3
2939.697493,39.70470973,3
3457.895089,61.61438955,3
2999.610387,138.4560207,3
2802.105576,79.40571232,3
3492.960111,55.01107376,3
2974.645322,77.95639661,3
3558.759443,122.2307529,3
3414.71214,90.98761257,3
3456.668371,154.3971365,3
2688.231299,108.8146646,3
2617.840717,91.76246473,3
3040.898843,105.5396757,3
3559.923466,77.06460581,3
2838.868475,120.9261553,3
2460.844828,151.8478576,3
2813.950176,109.8278561,3
3029.360565,115.0821137,3
2462.501233,128.2371272,3
2773.998832,109.0200303,3
3337.453855,128.0507288,3
2978.560648,46.05931417,3
3923.229499,48.23993253,3
2816.255841,54.39147969,3
2668.898501,100.4628897,3
2208.904286,84.45996391,3
2739.490289,125.9346718,3
2720.751473,112.2169724,3
